     2	hypothetical_protein.pdb
     3	hypothetical_protein.pdb
     5	hypothetical_protein.pdb
     8	hypothetical_protein.pdb
    10	hypothetical_protein.pdb
    12	hypothetical_protein.pdb
    13	hypothetical_protein.pdb
    14	hypothetical_protein.pdb
    17	hypothetical_protein.pdb
    21	hypothetical_protein.pdb
    22	hypothetical_protein.pdb
    23	hypothetical_protein.pdb
    25	hypothetical_protein.pdb
    26	hypothetical_protein.pdb
    28	hypothetical_protein.pdb
    30	hypothetical_protein.pdb
    35	hypothetical_protein.pdb
    44	hypothetical_protein.pdb
    45	hypothetical_protein.pdb
    48	hypothetical_protein.pdb
    52	hypothetical_protein.pdb
    53	hypothetical_protein.pdb
    56	hypothetical_protein.pdb
    57	hypothetical_protein.pdb
    58	hypothetical_protein.pdb
    59	hypothetical_protein.pdb
    60	hypothetical_protein.pdb
    62	hypothetical_protein.pdb
    64	hypothetical_protein.pdb
    65	hypothetical_protein.pdb
    66	hypothetical_protein.pdb
    67	hypothetical_protein.pdb
    68	hypothetical_protein.pdb
    73	hypothetical_protein.pdb
    74	hypothetical_protein.pdb
    75	hypothetical_protein.pdb
    77	hypothetical_protein.pdb
    80	hypothetical_protein.pdb
    81	hypothetical_protein.pdb
    83	hypothetical_protein.pdb
    84	hypothetical_protein.pdb
    85	hypothetical_protein.pdb
    86	hypothetical_protein.pdb
    93	hypothetical_protein.pdb
    94	hypothetical_protein.pdb
    97	hypothetical_protein.pdb
    98	hypothetical_protein.pdb
   101	hypothetical_protein.pdb
   103	hypothetical_protein.pdb
   104	hypothetical_protein.pdb
   107	hypothetical_protein.pdb
   109	hypothetical_protein.pdb
   112	hypothetical_protein.pdb
   114	hypothetical_protein.pdb
   115	hypothetical_protein.pdb
   116	hypothetical_protein.pdb
   117	hypothetical_protein.pdb
   119	hypothetical_protein.pdb
   120	hypothetical_protein.pdb
   122	hypothetical_protein.pdb
   124	hypothetical_protein.pdb
   125	hypothetical_protein.pdb
   126	hypothetical_protein.pdb
   127	hypothetical_protein.pdb
   128	hypothetical_protein.pdb
   129	hypothetical_protein.pdb
   130	hypothetical_protein.pdb
   131	hypothetical_protein.pdb
   137	hypothetical_protein.pdb
   138	hypothetical_protein.pdb
   139	hypothetical_protein.pdb
   140	hypothetical_protein.pdb
   141	hypothetical_protein.pdb
   143	hypothetical_protein.pdb
   145	hypothetical_protein.pdb
   146	hypothetical_protein.pdb
   147	hypothetical_protein.pdb
   148	hypothetical_protein.pdb
   149	hypothetical_protein.pdb
   150	hypothetical_protein.pdb
   154	hypothetical_protein.pdb
   155	hypothetical_protein.pdb
   156	hypothetical_protein.pdb
   158	hypothetical_protein.pdb
   159	hypothetical_protein.pdb
   160	hypothetical_protein.pdb
   162	hypothetical_protein.pdb
   163	hypothetical_protein.pdb
   164	hypothetical_protein.pdb
   167	hypothetical_protein.pdb
   169	hypothetical_protein.pdb
   170	hypothetical_protein.pdb
   171	hypothetical_protein.pdb
   172	hypothetical_protein.pdb
   173	hypothetical_protein.pdb
   176	hypothetical_protein.pdb
   177	hypothetical_protein.pdb
   180	hypothetical_protein.pdb
   181	hypothetical_protein.pdb
   182	hypothetical_protein.pdb
   183	hypothetical_protein.pdb
   184	hypothetical_protein.pdb
   185	hypothetical_protein.pdb
   187	hypothetical_protein.pdb
   188	hypothetical_protein.pdb
   189	hypothetical_protein.pdb
   192	hypothetical_protein.pdb
   193	hypothetical_protein.pdb
   194	hypothetical_protein.pdb
   195	hypothetical_protein.pdb
   196	hypothetical_protein.pdb
   199	hypothetical_protein.pdb
   201	hypothetical_protein.pdb
   203	hypothetical_protein.pdb
   204	hypothetical_protein.pdb
   205	hypothetical_protein.pdb
   206	hypothetical_protein.pdb
   207	hypothetical_protein.pdb
   208	hypothetical_protein.pdb
   210	hypothetical_protein.pdb
   211	hypothetical_protein.pdb
   214	hypothetical_protein.pdb
   215	hypothetical_protein.pdb
   217	hypothetical_protein.pdb
   218	hypothetical_protein.pdb
   219	hypothetical_protein.pdb
   220	hypothetical_protein.pdb
   221	hypothetical_protein.pdb
   222	hypothetical_protein.pdb
   223	hypothetical_protein.pdb
   224	hypothetical_protein.pdb
   225	hypothetical_protein.pdb
   226	hypothetical_protein.pdb
   227	hypothetical_protein.pdb
   228	hypothetical_protein.pdb
   229	hypothetical_protein.pdb
   230	hypothetical_protein.pdb
   232	hypothetical_protein.pdb
   233	hypothetical_protein.pdb
   234	hypothetical_protein.pdb
   235	hypothetical_protein.pdb
   236	hypothetical_protein.pdb
   242	hypothetical_protein.pdb
   244	hypothetical_protein.pdb
   245	hypothetical_protein.pdb
   246	hypothetical_protein.pdb
   247	hypothetical_protein.pdb
   248	hypothetical_protein.pdb
   249	hypothetical_protein.pdb
   251	hypothetical_protein.pdb
   252	hypothetical_protein.pdb
   253	hypothetical_protein.pdb
   254	hypothetical_protein.pdb
   255	hypothetical_protein.pdb
   256	hypothetical_protein.pdb
   257	hypothetical_protein.pdb
   259	hypothetical_protein.pdb
   260	hypothetical_protein.pdb
   264	hypothetical_protein.pdb
   265	hypothetical_protein.pdb
   266	hypothetical_protein.pdb
   267	hypothetical_protein.pdb
   268	hypothetical_protein.pdb
   271	hypothetical_protein.pdb
   272	hypothetical_protein.pdb
   273	hypothetical_protein.pdb
   274	hypothetical_protein.pdb
   275	hypothetical_protein.pdb
   276	hypothetical_protein.pdb
   277	hypothetical_protein.pdb
   278	hypothetical_protein.pdb
   279	hypothetical_protein.pdb
   285	hypothetical_protein.pdb
   287	hypothetical_protein.pdb
   289	hypothetical_protein.pdb
   293	hypothetical_protein.pdb
   294	hypothetical_protein.pdb
   300	hypothetical_protein.pdb
   301	hypothetical_protein.pdb
   302	hypothetical_protein.pdb
   307	hypothetical_protein.pdb
   308	hypothetical_protein.pdb
   309	hypothetical_protein.pdb
   313	hypothetical_protein.pdb
   314	hypothetical_protein.pdb
   315	hypothetical_protein.pdb
   317	hypothetical_protein.pdb
   318	hypothetical_protein.pdb
   319	hypothetical_protein.pdb
   321	hypothetical_protein.pdb
   324	hypothetical_protein.pdb
   327	hypothetical_protein.pdb
   328	hypothetical_protein.pdb
   329	hypothetical_protein.pdb
   332	hypothetical_protein.pdb
   333	hypothetical_protein.pdb
   334	hypothetical_protein.pdb
   335	hypothetical_protein.pdb
   336	hypothetical_protein.pdb
   337	hypothetical_protein.pdb
   338	hypothetical_protein.pdb
   339	hypothetical_protein.pdb
   341	hypothetical_protein.pdb
   342	hypothetical_protein.pdb
   343	hypothetical_protein.pdb
   345	hypothetical_protein.pdb
   349	hypothetical_protein.pdb
   350	hypothetical_protein.pdb
   351	hypothetical_protein.pdb
   352	hypothetical_protein.pdb
   354	hypothetical_protein.pdb
   355	hypothetical_protein.pdb
   356	hypothetical_protein.pdb
   357	hypothetical_protein.pdb
   358	hypothetical_protein.pdb
   359	hypothetical_protein.pdb
   360	hypothetical_protein.pdb
   362	hypothetical_protein.pdb
   365	hypothetical_protein.pdb
   367	hypothetical_protein.pdb
   369	hypothetical_protein.pdb
   370	hypothetical_protein.pdb
   371	hypothetical_protein.pdb
   372	hypothetical_protein.pdb
   373	hypothetical_protein.pdb
   374	hypothetical_protein.pdb
   375	hypothetical_protein.pdb
   376	hypothetical_protein.pdb
   378	hypothetical_protein.pdb
   379	hypothetical_protein.pdb
   380	hypothetical_protein.pdb
   381	hypothetical_protein.pdb
   382	hypothetical_protein.pdb
   383	hypothetical_protein.pdb
   385	hypothetical_protein.pdb
   386	hypothetical_protein.pdb
   387	hypothetical_protein.pdb
   388	hypothetical_protein.pdb
   389	hypothetical_protein.pdb
   390	hypothetical_protein.pdb
   391	hypothetical_protein.pdb
   392	hypothetical_protein.pdb
   393	hypothetical_protein.pdb
   394	hypothetical_protein.pdb
   395	hypothetical_protein.pdb
   397	hypothetical_protein.pdb
   398	hypothetical_protein.pdb
   401	hypothetical_protein.pdb
   402	hypothetical_protein.pdb
   404	hypothetical_protein.pdb
   407	hypothetical_protein.pdb
   410	hypothetical_protein.pdb
   414	hypothetical_protein.pdb
   415	hypothetical_protein.pdb
   416	hypothetical_protein.pdb
   421	hypothetical_protein.pdb
   422	hypothetical_protein.pdb
   423	hypothetical_protein.pdb
   425	hypothetical_protein.pdb
   426	hypothetical_protein.pdb
   427	hypothetical_protein.pdb
   428	hypothetical_protein.pdb
   429	hypothetical_protein.pdb
   430	hypothetical_protein.pdb
   431	hypothetical_protein.pdb
   433	hypothetical_protein.pdb
   434	hypothetical_protein.pdb
   435	hypothetical_protein.pdb
   437	hypothetical_protein.pdb
   438	hypothetical_protein.pdb
   439	hypothetical_protein.pdb
   440	hypothetical_protein.pdb
   441	hypothetical_protein.pdb
   442	hypothetical_protein.pdb
   444	hypothetical_protein.pdb
   447	hypothetical_protein.pdb
   448	hypothetical_protein.pdb
   449	hypothetical_protein.pdb
   453	hypothetical_protein.pdb
   454	hypothetical_protein.pdb
   455	hypothetical_protein.pdb
   457	hypothetical_protein.pdb
   460	hypothetical_protein.pdb
   461	hypothetical_protein.pdb
   463	hypothetical_protein.pdb
   464	hypothetical_protein.pdb
   465	hypothetical_protein.pdb
   466	hypothetical_protein.pdb
   467	hypothetical_protein.pdb
   469	hypothetical_protein.pdb
   470	hypothetical_protein.pdb
   473	hypothetical_protein.pdb
   474	hypothetical_protein.pdb
   475	hypothetical_protein.pdb
   476	hypothetical_protein.pdb
   477	hypothetical_protein.pdb
   478	hypothetical_protein.pdb
   479	hypothetical_protein.pdb
   481	hypothetical_protein.pdb
   485	hypothetical_protein.pdb
   486	hypothetical_protein.pdb
   487	hypothetical_protein.pdb
   488	hypothetical_protein.pdb
   489	hypothetical_protein.pdb
   490	hypothetical_protein.pdb
   492	hypothetical_protein.pdb
   494	hypothetical_protein.pdb
   495	hypothetical_protein.pdb
   496	hypothetical_protein.pdb
   497	hypothetical_protein.pdb
   498	hypothetical_protein.pdb
   499	hypothetical_protein.pdb
   500	hypothetical_protein.pdb
   501	hypothetical_protein.pdb
   503	hypothetical_protein.pdb
   504	hypothetical_protein.pdb
   505	hypothetical_protein.pdb
   506	hypothetical_protein.pdb
   507	hypothetical_protein.pdb
   508	hypothetical_protein.pdb
   509	hypothetical_protein.pdb
   512	hypothetical_protein.pdb
   514	hypothetical_protein.pdb
   515	hypothetical_protein.pdb
   516	hypothetical_protein.pdb
   519	hypothetical_protein.pdb
   520	hypothetical_protein.pdb
   521	hypothetical_protein.pdb
   522	hypothetical_protein.pdb
   523	hypothetical_protein.pdb
   525	hypothetical_protein.pdb
   531	hypothetical_protein.pdb
   540	hypothetical_protein.pdb
   541	hypothetical_protein.pdb
   542	hypothetical_protein.pdb
   544	hypothetical_protein.pdb
   546	hypothetical_protein.pdb
   547	hypothetical_protein.pdb
   548	hypothetical_protein.pdb
   552	hypothetical_protein.pdb
   553	hypothetical_protein.pdb
   555	hypothetical_protein.pdb
   557	hypothetical_protein.pdb
   559	hypothetical_protein.pdb
   560	hypothetical_protein.pdb
   561	hypothetical_protein.pdb
   562	hypothetical_protein.pdb
   564	hypothetical_protein.pdb
   570	hypothetical_protein.pdb
   572	hypothetical_protein.pdb
   575	hypothetical_protein.pdb
   578	hypothetical_protein.pdb
   579	hypothetical_protein.pdb
   584	hypothetical_protein.pdb
   585	hypothetical_protein.pdb
   586	hypothetical_protein.pdb
   587	hypothetical_protein.pdb
   588	hypothetical_protein.pdb
   589	hypothetical_protein.pdb
   592	hypothetical_protein.pdb
   594	hypothetical_protein.pdb
   596	hypothetical_protein.pdb
   597	hypothetical_protein.pdb
   598	hypothetical_protein.pdb
   599	hypothetical_protein.pdb
   600	hypothetical_protein.pdb
   601	hypothetical_protein.pdb
   602	hypothetical_protein.pdb
   603	hypothetical_protein.pdb
   604	hypothetical_protein.pdb
   606	hypothetical_protein.pdb
   607	hypothetical_protein.pdb
   608	hypothetical_protein.pdb
   609	hypothetical_protein.pdb
   610	hypothetical_protein.pdb
   611	hypothetical_protein.pdb
   612	hypothetical_protein.pdb
   613	hypothetical_protein.pdb
   616	hypothetical_protein.pdb
   621	hypothetical_protein.pdb
   622	hypothetical_protein.pdb
   626	hypothetical_protein.pdb
   629	hypothetical_protein.pdb
   630	hypothetical_protein.pdb
   632	hypothetical_protein.pdb
   634	hypothetical_protein.pdb
   635	hypothetical_protein.pdb
   636	hypothetical_protein.pdb
   637	hypothetical_protein.pdb
   638	hypothetical_protein.pdb
   644	hypothetical_protein.pdb
   645	hypothetical_protein.pdb
   646	hypothetical_protein.pdb
   647	hypothetical_protein.pdb
   648	hypothetical_protein.pdb
   649	hypothetical_protein.pdb
   651	hypothetical_protein.pdb
   652	hypothetical_protein.pdb
   653	hypothetical_protein.pdb
   654	hypothetical_protein.pdb
   656	hypothetical_protein.pdb
   657	hypothetical_protein.pdb
   659	hypothetical_protein.pdb
   660	hypothetical_protein.pdb
   661	hypothetical_protein.pdb
   662	hypothetical_protein.pdb
   663	hypothetical_protein.pdb
   664	hypothetical_protein.pdb
   665	hypothetical_protein.pdb
   666	hypothetical_protein.pdb
   667	hypothetical_protein.pdb
   669	hypothetical_protein.pdb
   671	hypothetical_protein.pdb
   672	hypothetical_protein.pdb
   673	hypothetical_protein.pdb
   674	hypothetical_protein.pdb
   675	hypothetical_protein.pdb
   677	hypothetical_protein.pdb
   680	hypothetical_protein.pdb
   681	hypothetical_protein.pdb
   682	hypothetical_protein.pdb
   683	hypothetical_protein.pdb
   684	hypothetical_protein.pdb
   686	hypothetical_protein.pdb
   687	hypothetical_protein.pdb
   688	hypothetical_protein.pdb
   690	hypothetical_protein.pdb
   691	hypothetical_protein.pdb
   693	hypothetical_protein.pdb
   694	hypothetical_protein.pdb
   695	hypothetical_protein.pdb
   697	hypothetical_protein.pdb
   698	hypothetical_protein.pdb
   703	hypothetical_protein.pdb
   705	hypothetical_protein.pdb
   706	hypothetical_protein.pdb
   707	hypothetical_protein.pdb
   709	hypothetical_protein.pdb
   710	hypothetical_protein.pdb
   711	hypothetical_protein.pdb
   712	hypothetical_protein.pdb
   715	hypothetical_protein.pdb
   717	hypothetical_protein.pdb
   719	hypothetical_protein.pdb
   721	hypothetical_protein.pdb
   723	hypothetical_protein.pdb
   724	hypothetical_protein.pdb
   727	hypothetical_protein.pdb
   728	hypothetical_protein.pdb
   729	hypothetical_protein.pdb
   730	hypothetical_protein.pdb
   734	hypothetical_protein.pdb
   736	hypothetical_protein.pdb
   738	hypothetical_protein.pdb
   740	hypothetical_protein.pdb
   741	hypothetical_protein.pdb
   742	hypothetical_protein.pdb
   744	hypothetical_protein.pdb
   747	hypothetical_protein.pdb
   748	hypothetical_protein.pdb
   749	hypothetical_protein.pdb
   750	hypothetical_protein.pdb
   752	hypothetical_protein.pdb
   755	hypothetical_protein.pdb
   756	hypothetical_protein.pdb
   757	hypothetical_protein.pdb
   759	hypothetical_protein.pdb
   760	hypothetical_protein.pdb
   761	hypothetical_protein.pdb
   762	hypothetical_protein.pdb
   763	hypothetical_protein.pdb
   764	hypothetical_protein.pdb
   765	hypothetical_protein.pdb
   768	hypothetical_protein.pdb
   769	hypothetical_protein.pdb
   771	hypothetical_protein.pdb
   772	hypothetical_protein.pdb
   773	hypothetical_protein.pdb
   774	hypothetical_protein.pdb
   775	hypothetical_protein.pdb
   777	hypothetical_protein.pdb
   779	hypothetical_protein.pdb
   780	hypothetical_protein.pdb
   781	hypothetical_protein.pdb
   785	hypothetical_protein.pdb
   786	hypothetical_protein.pdb
   787	hypothetical_protein.pdb
   789	hypothetical_protein.pdb
   790	hypothetical_protein.pdb
   791	hypothetical_protein.pdb
   792	hypothetical_protein.pdb
   793	hypothetical_protein.pdb
   794	hypothetical_protein.pdb
   795	hypothetical_protein.pdb
   796	hypothetical_protein.pdb
   797	hypothetical_protein.pdb
   798	hypothetical_protein.pdb
   799	hypothetical_protein.pdb
   800	hypothetical_protein.pdb
   801	hypothetical_protein.pdb
   802	hypothetical_protein.pdb
   803	hypothetical_protein.pdb
   804	hypothetical_protein.pdb
   805	hypothetical_protein.pdb
   806	hypothetical_protein.pdb
   807	hypothetical_protein.pdb
   809	hypothetical_protein.pdb
   811	hypothetical_protein.pdb
   812	hypothetical_protein.pdb
   813	hypothetical_protein.pdb
   815	hypothetical_protein.pdb
   817	hypothetical_protein.pdb
   818	hypothetical_protein.pdb
   819	hypothetical_protein.pdb
   820	hypothetical_protein.pdb
   823	hypothetical_protein.pdb
   830	hypothetical_protein.pdb
   835	hypothetical_protein.pdb
   836	hypothetical_protein.pdb
   837	hypothetical_protein.pdb
   838	hypothetical_protein.pdb
   839	hypothetical_protein.pdb
   840	hypothetical_protein.pdb
   843	hypothetical_protein.pdb
   846	hypothetical_protein.pdb
   847	hypothetical_protein.pdb
   848	hypothetical_protein.pdb
   850	hypothetical_protein.pdb
   851	hypothetical_protein.pdb
   853	hypothetical_protein.pdb
   854	hypothetical_protein.pdb
   856	hypothetical_protein.pdb
   859	hypothetical_protein.pdb
   860	hypothetical_protein.pdb
   863	hypothetical_protein.pdb
   864	hypothetical_protein.pdb
   866	hypothetical_protein.pdb
   867	hypothetical_protein.pdb
   868	hypothetical_protein.pdb
   869	hypothetical_protein.pdb
   870	hypothetical_protein.pdb
   871	hypothetical_protein.pdb
   872	hypothetical_protein.pdb
   873	hypothetical_protein.pdb
   874	hypothetical_protein.pdb
   877	hypothetical_protein.pdb
   878	hypothetical_protein.pdb
   880	hypothetical_protein.pdb
   883	hypothetical_protein.pdb
   884	hypothetical_protein.pdb
   885	hypothetical_protein.pdb
   886	hypothetical_protein.pdb
   888	hypothetical_protein.pdb
   890	hypothetical_protein.pdb
   893	hypothetical_protein.pdb
   895	hypothetical_protein.pdb
   897	hypothetical_protein.pdb
   898	hypothetical_protein.pdb
   901	hypothetical_protein.pdb
   903	hypothetical_protein.pdb
   905	hypothetical_protein.pdb
   906	hypothetical_protein.pdb
   908	hypothetical_protein.pdb
   909	hypothetical_protein.pdb
   910	hypothetical_protein.pdb
   911	hypothetical_protein.pdb
   912	hypothetical_protein.pdb
   913	hypothetical_protein.pdb
   914	hypothetical_protein.pdb
   917	hypothetical_protein.pdb
   920	hypothetical_protein.pdb
   922	hypothetical_protein.pdb
   923	hypothetical_protein.pdb
   924	hypothetical_protein.pdb
   925	hypothetical_protein.pdb
   928	hypothetical_protein.pdb
   935	hypothetical_protein.pdb
   937	hypothetical_protein.pdb
   938	hypothetical_protein.pdb
   939	hypothetical_protein.pdb
   941	hypothetical_protein.pdb
   942	hypothetical_protein.pdb
   943	hypothetical_protein.pdb
   944	hypothetical_protein.pdb
   945	hypothetical_protein.pdb
   946	hypothetical_protein.pdb
   947	hypothetical_protein.pdb
   949	hypothetical_protein.pdb
   950	hypothetical_protein.pdb
   952	hypothetical_protein.pdb
   954	hypothetical_protein.pdb
   956	hypothetical_protein.pdb
   957	hypothetical_protein.pdb
   958	hypothetical_protein.pdb
   960	hypothetical_protein.pdb
   963	hypothetical_protein.pdb
   964	hypothetical_protein.pdb
   966	hypothetical_protein.pdb
   967	hypothetical_protein.pdb
   968	hypothetical_protein.pdb
   971	hypothetical_protein.pdb
   972	hypothetical_protein.pdb
   974	hypothetical_protein.pdb
   975	hypothetical_protein.pdb
   976	hypothetical_protein.pdb
   977	hypothetical_protein.pdb
   979	hypothetical_protein.pdb
   982	hypothetical_protein.pdb
   983	hypothetical_protein.pdb
   985	hypothetical_protein.pdb
   986	hypothetical_protein.pdb
   989	hypothetical_protein.pdb
   990	hypothetical_protein.pdb
   991	hypothetical_protein.pdb
   994	hypothetical_protein.pdb
   997	hypothetical_protein.pdb
   998	hypothetical_protein.pdb
   999	hypothetical_protein.pdb
  1004	hypothetical_protein.pdb
  1005	hypothetical_protein.pdb
  1007	hypothetical_protein.pdb
  1008	hypothetical_protein.pdb
  1009	hypothetical_protein.pdb
  1010	hypothetical_protein.pdb
  1013	hypothetical_protein.pdb
  1015	hypothetical_protein.pdb
  1017	hypothetical_protein.pdb
  1019	hypothetical_protein.pdb
  1020	hypothetical_protein.pdb
  1021	hypothetical_protein.pdb
  1022	hypothetical_protein.pdb
  1023	hypothetical_protein.pdb
  1024	hypothetical_protein.pdb
  1025	hypothetical_protein.pdb
  1026	hypothetical_protein.pdb
  1027	hypothetical_protein.pdb
  1029	hypothetical_protein.pdb
  1030	hypothetical_protein.pdb
  1031	hypothetical_protein.pdb
  1035	hypothetical_protein.pdb
  1036	hypothetical_protein.pdb
  1037	hypothetical_protein.pdb
  1038	hypothetical_protein.pdb
  1040	hypothetical_protein.pdb
  1044	hypothetical_protein.pdb
  1045	hypothetical_protein.pdb
  1046	hypothetical_protein.pdb
  1047	hypothetical_protein.pdb
  1048	hypothetical_protein.pdb
  1051	hypothetical_protein.pdb
  1053	hypothetical_protein.pdb
  1054	hypothetical_protein.pdb
  1055	hypothetical_protein.pdb
  1056	hypothetical_protein.pdb
  1057	hypothetical_protein.pdb
  1058	hypothetical_protein.pdb
  1059	hypothetical_protein.pdb
  1061	hypothetical_protein.pdb
  1062	hypothetical_protein.pdb
  1063	hypothetical_protein.pdb
  1064	hypothetical_protein.pdb
  1065	hypothetical_protein.pdb
  1069	hypothetical_protein.pdb
  1070	hypothetical_protein.pdb
  1071	hypothetical_protein.pdb
  1072	hypothetical_protein.pdb
  1075	hypothetical_protein.pdb
  1076	hypothetical_protein.pdb
  1078	hypothetical_protein.pdb
  1079	hypothetical_protein.pdb
  1080	hypothetical_protein.pdb
  1081	hypothetical_protein.pdb
  1082	hypothetical_protein.pdb
  1083	hypothetical_protein.pdb
  1086	hypothetical_protein.pdb
  1090	hypothetical_protein.pdb
  1091	hypothetical_protein.pdb
  1092	hypothetical_protein.pdb
  1094	hypothetical_protein.pdb
  1097	hypothetical_protein.pdb
  1101	hypothetical_protein.pdb
  1102	hypothetical_protein.pdb
  1103	hypothetical_protein.pdb
  1105	hypothetical_protein.pdb
  1106	hypothetical_protein.pdb
  1107	hypothetical_protein.pdb
  1109	hypothetical_protein.pdb
  1110	hypothetical_protein.pdb
  1111	hypothetical_protein.pdb
  1112	hypothetical_protein.pdb
  1113	hypothetical_protein.pdb
  1114	hypothetical_protein.pdb
  1115	hypothetical_protein.pdb
  1118	hypothetical_protein.pdb
  1119	hypothetical_protein.pdb
  1120	hypothetical_protein.pdb
  1123	hypothetical_protein.pdb
  1129	hypothetical_protein.pdb
  1130	hypothetical_protein.pdb
  1132	hypothetical_protein.pdb
  1133	hypothetical_protein.pdb
  1136	hypothetical_protein.pdb
  1137	hypothetical_protein.pdb
  1143	hypothetical_protein.pdb
  1145	hypothetical_protein.pdb
  1147	hypothetical_protein.pdb
  1149	hypothetical_protein.pdb
  1152	hypothetical_protein.pdb
  1153	hypothetical_protein.pdb
  1156	hypothetical_protein.pdb
  1157	hypothetical_protein.pdb
  1158	hypothetical_protein.pdb
  1160	hypothetical_protein.pdb
  1161	hypothetical_protein.pdb
  1162	hypothetical_protein.pdb
  1163	hypothetical_protein.pdb
  1164	hypothetical_protein.pdb
  1165	hypothetical_protein.pdb
  1166	hypothetical_protein.pdb
  1167	hypothetical_protein.pdb
  1170	hypothetical_protein.pdb
  1171	hypothetical_protein.pdb
  1172	hypothetical_protein.pdb
  1174	hypothetical_protein.pdb
  1175	hypothetical_protein.pdb
  1176	hypothetical_protein.pdb
  1177	hypothetical_protein.pdb
  1179	hypothetical_protein.pdb
  1181	hypothetical_protein.pdb
  1182	hypothetical_protein.pdb
  1183	hypothetical_protein.pdb
  1186	hypothetical_protein.pdb
  1188	hypothetical_protein.pdb
  1189	hypothetical_protein.pdb
  1190	hypothetical_protein.pdb
  1191	hypothetical_protein.pdb
  1192	hypothetical_protein.pdb
  1193	hypothetical_protein.pdb
  1196	hypothetical_protein.pdb
  1198	hypothetical_protein.pdb
  1199	hypothetical_protein.pdb
  1200	hypothetical_protein.pdb
  1202	hypothetical_protein.pdb
  1203	hypothetical_protein.pdb
  1204	hypothetical_protein.pdb
  1205	hypothetical_protein.pdb
  1206	hypothetical_protein.pdb
  1209	hypothetical_protein.pdb
  1210	hypothetical_protein.pdb
  1212	hypothetical_protein.pdb
  1214	hypothetical_protein.pdb
  1215	hypothetical_protein.pdb
  1216	hypothetical_protein.pdb
  1217	hypothetical_protein.pdb
  1220	hypothetical_protein.pdb
  1221	hypothetical_protein.pdb
  1222	hypothetical_protein.pdb
  1225	hypothetical_protein.pdb
  1226	hypothetical_protein.pdb
  1227	hypothetical_protein.pdb
  1229	hypothetical_protein.pdb
  1230	hypothetical_protein.pdb
  1231	hypothetical_protein.pdb
  1232	hypothetical_protein.pdb
  1233	hypothetical_protein.pdb
  1235	hypothetical_protein.pdb
  1238	hypothetical_protein.pdb
  1239	hypothetical_protein.pdb
  1241	hypothetical_protein.pdb
  1242	hypothetical_protein.pdb
  1247	hypothetical_protein.pdb
  1248	hypothetical_protein.pdb
  1249	hypothetical_protein.pdb
  1250	hypothetical_protein.pdb
  1251	hypothetical_protein.pdb
  1253	hypothetical_protein.pdb
  1254	hypothetical_protein.pdb
  1255	hypothetical_protein.pdb
  1256	hypothetical_protein.pdb
  1258	hypothetical_protein.pdb
  1259	hypothetical_protein.pdb
  1260	hypothetical_protein.pdb
  1261	hypothetical_protein.pdb
  1262	hypothetical_protein.pdb
  1263	hypothetical_protein.pdb
  1266	hypothetical_protein.pdb
  1267	hypothetical_protein.pdb
  1268	hypothetical_protein.pdb
  1269	hypothetical_protein.pdb
  1274	hypothetical_protein.pdb
  1275	hypothetical_protein.pdb
  1277	hypothetical_protein.pdb
  1279	hypothetical_protein.pdb
  1280	hypothetical_protein.pdb
  1281	hypothetical_protein.pdb
  1282	hypothetical_protein.pdb
  1285	hypothetical_protein.pdb
  1286	hypothetical_protein.pdb
  1287	hypothetical_protein.pdb
  1289	hypothetical_protein.pdb
  1291	hypothetical_protein.pdb
  1293	hypothetical_protein.pdb
  1295	hypothetical_protein.pdb
  1299	hypothetical_protein.pdb
  1303	hypothetical_protein.pdb
  1305	hypothetical_protein.pdb
  1306	hypothetical_protein.pdb
  1309	hypothetical_protein.pdb
  1310	hypothetical_protein.pdb
  1311	hypothetical_protein.pdb
  1312	hypothetical_protein.pdb
  1314	hypothetical_protein.pdb
  1315	hypothetical_protein.pdb
  1316	hypothetical_protein.pdb
  1319	hypothetical_protein.pdb
  1321	hypothetical_protein.pdb
  1322	hypothetical_protein.pdb
  1323	hypothetical_protein.pdb
  1325	hypothetical_protein.pdb
  1326	hypothetical_protein.pdb
  1328	hypothetical_protein.pdb
  1332	hypothetical_protein.pdb
  1333	hypothetical_protein.pdb
  1334	hypothetical_protein.pdb
  1336	hypothetical_protein.pdb
  1338	hypothetical_protein.pdb
  1339	hypothetical_protein.pdb
  1340	hypothetical_protein.pdb
  1341	hypothetical_protein.pdb
  1346	hypothetical_protein.pdb
  1348	hypothetical_protein.pdb
  1349	hypothetical_protein.pdb
  1350	hypothetical_protein.pdb
  1351	hypothetical_protein.pdb
  1352	hypothetical_protein.pdb
  1353	hypothetical_protein.pdb
  1354	hypothetical_protein.pdb
  1355	hypothetical_protein.pdb
  1356	hypothetical_protein.pdb
  1359	hypothetical_protein.pdb
  1360	hypothetical_protein.pdb
  1365	hypothetical_protein.pdb
  1367	hypothetical_protein.pdb
  1368	hypothetical_protein.pdb
  1369	hypothetical_protein.pdb
  1370	hypothetical_protein.pdb
  1371	hypothetical_protein.pdb
  1372	hypothetical_protein.pdb
  1374	hypothetical_protein.pdb
  1375	hypothetical_protein.pdb
  1376	hypothetical_protein.pdb
  1377	hypothetical_protein.pdb
  1378	hypothetical_protein.pdb
  1379	hypothetical_protein.pdb
  1380	hypothetical_protein.pdb
  1381	hypothetical_protein.pdb
  1382	hypothetical_protein.pdb
  1383	hypothetical_protein.pdb
  1384	hypothetical_protein.pdb
  1385	hypothetical_protein.pdb
  1386	hypothetical_protein.pdb
  1387	hypothetical_protein.pdb
  1388	hypothetical_protein.pdb
  1389	hypothetical_protein.pdb
  1390	hypothetical_protein.pdb
  1391	hypothetical_protein.pdb
  1392	hypothetical_protein.pdb
  1393	hypothetical_protein.pdb
  1394	hypothetical_protein.pdb
  1397	hypothetical_protein.pdb
  1398	hypothetical_protein.pdb
  1399	hypothetical_protein.pdb
  1400	hypothetical_protein.pdb
  1401	hypothetical_protein.pdb
  1403	hypothetical_protein.pdb
  1404	hypothetical_protein.pdb
  1405	hypothetical_protein.pdb
  1406	hypothetical_protein.pdb
  1407	hypothetical_protein.pdb
  1410	hypothetical_protein.pdb
  1411	hypothetical_protein.pdb
  1412	hypothetical_protein.pdb
  1413	hypothetical_protein.pdb
  1414	hypothetical_protein.pdb
  1415	hypothetical_protein.pdb
  1416	hypothetical_protein.pdb
  1417	hypothetical_protein.pdb
  1419	hypothetical_protein.pdb
  1420	hypothetical_protein.pdb
  1421	hypothetical_protein.pdb
  1422	hypothetical_protein.pdb
  1423	hypothetical_protein.pdb
  1424	hypothetical_protein.pdb
  1425	hypothetical_protein.pdb
  1426	hypothetical_protein.pdb
  1427	hypothetical_protein.pdb
  1431	hypothetical_protein.pdb
  1433	hypothetical_protein.pdb
  1434	hypothetical_protein.pdb
  1435	hypothetical_protein.pdb
  1436	hypothetical_protein.pdb
  1438	hypothetical_protein.pdb
  1439	hypothetical_protein.pdb
  1440	hypothetical_protein.pdb
  1441	hypothetical_protein.pdb
  1442	hypothetical_protein.pdb
  1443	hypothetical_protein.pdb
  1444	hypothetical_protein.pdb
  1446	hypothetical_protein.pdb
  1447	hypothetical_protein.pdb
  1448	hypothetical_protein.pdb
  1449	hypothetical_protein.pdb
  1450	hypothetical_protein.pdb
  1452	hypothetical_protein.pdb
  1453	hypothetical_protein.pdb
  1454	hypothetical_protein.pdb
  1455	hypothetical_protein.pdb
  1456	hypothetical_protein.pdb
  1457	hypothetical_protein.pdb
  1458	hypothetical_protein.pdb
  1459	hypothetical_protein.pdb
  1460	hypothetical_protein.pdb
  1461	hypothetical_protein.pdb
  1462	hypothetical_protein.pdb
  1463	hypothetical_protein.pdb
  1464	hypothetical_protein.pdb
  1465	hypothetical_protein.pdb
  1470	hypothetical_protein.pdb
  1472	hypothetical_protein.pdb
  1473	hypothetical_protein.pdb
  1474	hypothetical_protein.pdb
  1475	hypothetical_protein.pdb
  1476	hypothetical_protein.pdb
  1477	hypothetical_protein.pdb
  1480	hypothetical_protein.pdb
  1483	hypothetical_protein.pdb
  1487	hypothetical_protein.pdb
  1488	hypothetical_protein.pdb
  1489	hypothetical_protein.pdb
  1493	hypothetical_protein.pdb
  1494	hypothetical_protein.pdb
  1495	hypothetical_protein.pdb
  1496	hypothetical_protein.pdb
  1497	hypothetical_protein.pdb
  1498	hypothetical_protein.pdb
  1500	hypothetical_protein.pdb
  1501	hypothetical_protein.pdb
  1502	hypothetical_protein.pdb
  1503	hypothetical_protein.pdb
  1505	hypothetical_protein.pdb
  1506	hypothetical_protein.pdb
  1507	hypothetical_protein.pdb
  1509	hypothetical_protein.pdb
  1510	hypothetical_protein.pdb
  1511	hypothetical_protein.pdb
  1513	hypothetical_protein.pdb
  1514	hypothetical_protein.pdb
  1515	hypothetical_protein.pdb
  1516	hypothetical_protein.pdb
  1517	hypothetical_protein.pdb
  1518	hypothetical_protein.pdb
  1519	hypothetical_protein.pdb
  1520	hypothetical_protein.pdb
  1521	hypothetical_protein.pdb
  1522	hypothetical_protein.pdb
  1524	hypothetical_protein.pdb
  1525	hypothetical_protein.pdb
  1528	hypothetical_protein.pdb
  1529	hypothetical_protein.pdb
  1533	hypothetical_protein.pdb
  1536	hypothetical_protein.pdb
  1537	hypothetical_protein.pdb
  1538	hypothetical_protein.pdb
  1539	hypothetical_protein.pdb
  1541	hypothetical_protein.pdb
  1542	hypothetical_protein.pdb
  1544	hypothetical_protein.pdb
  1546	hypothetical_protein.pdb
  1547	hypothetical_protein.pdb
  1549	hypothetical_protein.pdb
  1550	hypothetical_protein.pdb
  1553	hypothetical_protein.pdb
  1554	hypothetical_protein.pdb
  1555	hypothetical_protein.pdb
  1556	hypothetical_protein.pdb
  1557	hypothetical_protein.pdb
  1559	hypothetical_protein.pdb
  1560	hypothetical_protein.pdb
  1561	hypothetical_protein.pdb
  1562	hypothetical_protein.pdb
  1563	hypothetical_protein.pdb
  1565	hypothetical_protein.pdb
  1566	hypothetical_protein.pdb
  1567	hypothetical_protein.pdb
  1568	hypothetical_protein.pdb
  1569	hypothetical_protein.pdb
  1571	hypothetical_protein.pdb
  1573	hypothetical_protein.pdb
  1574	hypothetical_protein.pdb
  1575	hypothetical_protein.pdb
  1576	hypothetical_protein.pdb
  1582	hypothetical_protein.pdb
  1583	hypothetical_protein.pdb
  1584	hypothetical_protein.pdb
  1585	hypothetical_protein.pdb
  1586	hypothetical_protein.pdb
  1588	hypothetical_protein.pdb
  1589	hypothetical_protein.pdb
  1590	hypothetical_protein.pdb
  1591	hypothetical_protein.pdb
  1592	hypothetical_protein.pdb
  1593	hypothetical_protein.pdb
  1596	hypothetical_protein.pdb
  1597	hypothetical_protein.pdb
  1598	hypothetical_protein.pdb
  1600	hypothetical_protein.pdb
  1603	hypothetical_protein.pdb
  1604	hypothetical_protein.pdb
  1605	hypothetical_protein.pdb
  1611	hypothetical_protein.pdb
  1612	hypothetical_protein.pdb
  1613	hypothetical_protein.pdb
  1614	hypothetical_protein.pdb
  1615	hypothetical_protein.pdb
  1616	hypothetical_protein.pdb
  1618	hypothetical_protein.pdb
  1622	hypothetical_protein.pdb
  1627	hypothetical_protein.pdb
  1629	hypothetical_protein.pdb
  1635	hypothetical_protein.pdb
  1637	hypothetical_protein.pdb
  1638	hypothetical_protein.pdb
  1639	hypothetical_protein.pdb
  1640	hypothetical_protein.pdb
  1641	hypothetical_protein.pdb
  1642	hypothetical_protein.pdb
  1647	hypothetical_protein.pdb
  1648	hypothetical_protein.pdb
  1650	hypothetical_protein.pdb
  1651	hypothetical_protein.pdb
  1653	hypothetical_protein.pdb
  1660	hypothetical_protein.pdb
  1661	hypothetical_protein.pdb
  1662	hypothetical_protein.pdb
  1663	hypothetical_protein.pdb
  1664	hypothetical_protein.pdb
  1667	hypothetical_protein.pdb
  1668	hypothetical_protein.pdb
  1669	hypothetical_protein.pdb
  1670	hypothetical_protein.pdb
  1671	hypothetical_protein.pdb
  1672	hypothetical_protein.pdb
  1673	hypothetical_protein.pdb
  1674	hypothetical_protein.pdb
  1675	hypothetical_protein.pdb
  1676	hypothetical_protein.pdb
  1677	hypothetical_protein.pdb
  1678	hypothetical_protein.pdb
  1679	hypothetical_protein.pdb
  1680	hypothetical_protein.pdb
  1681	hypothetical_protein.pdb
  1682	hypothetical_protein.pdb
  1683	hypothetical_protein.pdb
  1684	hypothetical_protein.pdb
  1685	hypothetical_protein.pdb
  1686	hypothetical_protein.pdb
  1687	hypothetical_protein.pdb
  1691	hypothetical_protein.pdb
  1694	hypothetical_protein.pdb
  1696	hypothetical_protein.pdb
  1697	hypothetical_protein.pdb
  1698	hypothetical_protein.pdb
  1701	hypothetical_protein.pdb
  1702	hypothetical_protein.pdb
  1703	hypothetical_protein.pdb
  1704	hypothetical_protein.pdb
  1705	hypothetical_protein.pdb
  1706	hypothetical_protein.pdb
  1708	hypothetical_protein.pdb
  1709	hypothetical_protein.pdb
  1710	hypothetical_protein.pdb
  1711	hypothetical_protein.pdb
  1712	hypothetical_protein.pdb
  1714	hypothetical_protein.pdb
  1715	hypothetical_protein.pdb
  1716	hypothetical_protein.pdb
  1717	hypothetical_protein.pdb
  1718	hypothetical_protein.pdb
  1719	hypothetical_protein.pdb
  1721	hypothetical_protein.pdb
  1722	hypothetical_protein.pdb
  1723	hypothetical_protein.pdb
  1725	hypothetical_protein.pdb
  1726	hypothetical_protein.pdb
  1727	hypothetical_protein.pdb
  1728	hypothetical_protein.pdb
  1729	hypothetical_protein.pdb
  1730	hypothetical_protein.pdb
  1731	hypothetical_protein.pdb
  1732	hypothetical_protein.pdb
  1733	hypothetical_protein.pdb
  1734	hypothetical_protein.pdb
  1736	hypothetical_protein.pdb
  1738	hypothetical_protein.pdb
  1739	hypothetical_protein.pdb
  1742	hypothetical_protein.pdb
  1743	hypothetical_protein.pdb
  1744	hypothetical_protein.pdb
  1747	hypothetical_protein.pdb
  1748	hypothetical_protein.pdb
  1749	hypothetical_protein.pdb
  1755	hypothetical_protein.pdb
  1759	hypothetical_protein.pdb
  1760	hypothetical_protein.pdb
  1761	hypothetical_protein.pdb
  1762	hypothetical_protein.pdb
  1765	hypothetical_protein.pdb
  1766	hypothetical_protein.pdb
  1767	hypothetical_protein.pdb
  1768	hypothetical_protein.pdb
  1769	hypothetical_protein.pdb
  1770	hypothetical_protein.pdb
  1771	hypothetical_protein.pdb
  1772	hypothetical_protein.pdb
  1773	hypothetical_protein.pdb
  1774	hypothetical_protein.pdb
  1775	hypothetical_protein.pdb
  1776	hypothetical_protein.pdb
  1777	hypothetical_protein.pdb
  1778	hypothetical_protein.pdb
  1779	hypothetical_protein.pdb
  1783	hypothetical_protein.pdb
  1784	hypothetical_protein.pdb
  1785	hypothetical_protein.pdb
  1786	hypothetical_protein.pdb
  1787	hypothetical_protein.pdb
  1788	hypothetical_protein.pdb
  1790	hypothetical_protein.pdb
  1791	hypothetical_protein.pdb
  1792	hypothetical_protein.pdb
  1794	hypothetical_protein.pdb
  1795	hypothetical_protein.pdb
  1796	hypothetical_protein.pdb
  1798	hypothetical_protein.pdb
  1799	hypothetical_protein.pdb
  1800	hypothetical_protein.pdb
  1801	hypothetical_protein.pdb
  1802	hypothetical_protein.pdb
  1803	hypothetical_protein.pdb
  1805	hypothetical_protein.pdb
  1810	hypothetical_protein.pdb
  1811	hypothetical_protein.pdb
  1812	hypothetical_protein.pdb
  1815	hypothetical_protein.pdb
  1816	hypothetical_protein.pdb
  1820	hypothetical_protein.pdb
  1821	hypothetical_protein.pdb
  1822	hypothetical_protein.pdb
  1823	hypothetical_protein.pdb
  1824	hypothetical_protein.pdb
  1826	hypothetical_protein.pdb
  1827	hypothetical_protein.pdb
  1828	hypothetical_protein.pdb
  1829	hypothetical_protein.pdb
  1830	hypothetical_protein.pdb
  1831	hypothetical_protein.pdb
  1832	hypothetical_protein.pdb
  1833	hypothetical_protein.pdb
  1835	hypothetical_protein.pdb
  1836	hypothetical_protein.pdb
  1837	hypothetical_protein.pdb
  1838	hypothetical_protein.pdb
  1839	hypothetical_protein.pdb
  1840	hypothetical_protein.pdb
  1841	hypothetical_protein.pdb
  1842	hypothetical_protein.pdb
  1843	hypothetical_protein.pdb
  1844	hypothetical_protein.pdb
  1845	hypothetical_protein.pdb
  1846	hypothetical_protein.pdb
  1848	hypothetical_protein.pdb
  1849	hypothetical_protein.pdb
  1850	hypothetical_protein.pdb
  1851	hypothetical_protein.pdb
  1852	hypothetical_protein.pdb
  1853	hypothetical_protein.pdb
  1854	hypothetical_protein.pdb
  1855	hypothetical_protein.pdb
  1858	hypothetical_protein.pdb
  1859	hypothetical_protein.pdb
  1860	hypothetical_protein.pdb
  1861	hypothetical_protein.pdb
  1862	hypothetical_protein.pdb
  1863	hypothetical_protein.pdb
  1864	hypothetical_protein.pdb
  1865	hypothetical_protein.pdb
  1866	hypothetical_protein.pdb
  1867	hypothetical_protein.pdb
  1868	hypothetical_protein.pdb
  1869	hypothetical_protein.pdb
  1870	hypothetical_protein.pdb
  1873	hypothetical_protein.pdb
  1874	hypothetical_protein.pdb
  1876	hypothetical_protein.pdb
  1879	hypothetical_protein.pdb
  1880	hypothetical_protein.pdb
  1881	hypothetical_protein.pdb
  1882	hypothetical_protein.pdb
  1883	hypothetical_protein.pdb
  1885	hypothetical_protein.pdb
  1887	hypothetical_protein.pdb
  1889	hypothetical_protein.pdb
  1897	hypothetical_protein.pdb
  1898	hypothetical_protein.pdb
  1899	hypothetical_protein.pdb
  1900	hypothetical_protein.pdb
  1901	hypothetical_protein.pdb
  1902	hypothetical_protein.pdb
  1903	hypothetical_protein.pdb
  1905	hypothetical_protein.pdb
  1907	hypothetical_protein.pdb
  1909	hypothetical_protein.pdb
  1910	hypothetical_protein.pdb
  1911	hypothetical_protein.pdb
  1912	hypothetical_protein.pdb
  1913	hypothetical_protein.pdb
  1914	hypothetical_protein.pdb
  1916	hypothetical_protein.pdb
  1917	hypothetical_protein.pdb
  1918	hypothetical_protein.pdb
  1919	hypothetical_protein.pdb
  1920	hypothetical_protein.pdb
  1924	hypothetical_protein.pdb
  1926	hypothetical_protein.pdb
  1932	hypothetical_protein.pdb
  1933	hypothetical_protein.pdb
  1935	hypothetical_protein.pdb
  1937	hypothetical_protein.pdb
  1939	hypothetical_protein.pdb
  1940	hypothetical_protein.pdb
  1941	hypothetical_protein.pdb
  1942	hypothetical_protein.pdb
  1943	hypothetical_protein.pdb
  1944	hypothetical_protein.pdb
  1945	hypothetical_protein.pdb
  1946	hypothetical_protein.pdb
  1947	hypothetical_protein.pdb
  1948	hypothetical_protein.pdb
  1949	hypothetical_protein.pdb
  1950	hypothetical_protein.pdb
  1951	hypothetical_protein.pdb
  1952	hypothetical_protein.pdb
  1953	hypothetical_protein.pdb
  1954	hypothetical_protein.pdb
  1955	hypothetical_protein.pdb
  1956	hypothetical_protein.pdb
  1957	hypothetical_protein.pdb
  1958	hypothetical_protein.pdb
  1959	hypothetical_protein.pdb
  1963	hypothetical_protein.pdb
  1964	hypothetical_protein.pdb
  1967	hypothetical_protein.pdb
  1969	hypothetical_protein.pdb
  1974	hypothetical_protein.pdb
  1975	hypothetical_protein.pdb
  1977	hypothetical_protein.pdb
  1978	hypothetical_protein.pdb
  1983	hypothetical_protein.pdb
  1984	hypothetical_protein.pdb
  1985	hypothetical_protein.pdb
  1986	hypothetical_protein.pdb
  1988	hypothetical_protein.pdb
  1989	hypothetical_protein.pdb
  1992	hypothetical_protein.pdb
  1993	hypothetical_protein.pdb
  1994	hypothetical_protein.pdb
  1995	hypothetical_protein.pdb
  1996	hypothetical_protein.pdb
  1997	hypothetical_protein.pdb
  2002	hypothetical_protein.pdb
  2003	hypothetical_protein.pdb
  2006	hypothetical_protein.pdb
  2007	hypothetical_protein.pdb
  2008	hypothetical_protein.pdb
  2010	hypothetical_protein.pdb
  2014	hypothetical_protein.pdb
  2019	hypothetical_protein.pdb
  2020	hypothetical_protein.pdb
  2021	hypothetical_protein.pdb
  2022	hypothetical_protein.pdb
  2024	hypothetical_protein.pdb
  2025	hypothetical_protein.pdb
  2026	hypothetical_protein.pdb
  2029	hypothetical_protein.pdb
  2030	hypothetical_protein.pdb
  2032	hypothetical_protein.pdb
  2033	hypothetical_protein.pdb
  2035	hypothetical_protein.pdb
  2036	hypothetical_protein.pdb
  2037	hypothetical_protein.pdb
  2038	hypothetical_protein.pdb
  2040	hypothetical_protein.pdb
  2041	hypothetical_protein.pdb
  2042	hypothetical_protein.pdb
  2043	hypothetical_protein.pdb
  2044	hypothetical_protein.pdb
  2045	hypothetical_protein.pdb
  2046	hypothetical_protein.pdb
  2047	hypothetical_protein.pdb
  2048	hypothetical_protein.pdb
  2050	hypothetical_protein.pdb
  2051	hypothetical_protein.pdb
  2052	hypothetical_protein.pdb
  2053	hypothetical_protein.pdb
  2054	hypothetical_protein.pdb
  2055	hypothetical_protein.pdb
  2058	hypothetical_protein.pdb
  2061	hypothetical_protein.pdb
  2062	hypothetical_protein.pdb
  2063	hypothetical_protein.pdb
  2064	hypothetical_protein.pdb
  2065	hypothetical_protein.pdb
  2066	hypothetical_protein.pdb
  2067	hypothetical_protein.pdb
  2068	hypothetical_protein.pdb
  2069	hypothetical_protein.pdb
  2073	hypothetical_protein.pdb
  2074	hypothetical_protein.pdb
  2075	hypothetical_protein.pdb
  2076	hypothetical_protein.pdb
  2077	hypothetical_protein.pdb
  2078	hypothetical_protein.pdb
  2079	hypothetical_protein.pdb
  2080	hypothetical_protein.pdb
  2082	hypothetical_protein.pdb
  2083	hypothetical_protein.pdb
  2084	hypothetical_protein.pdb
  2085	hypothetical_protein.pdb
  2086	hypothetical_protein.pdb
  2087	hypothetical_protein.pdb
  2088	hypothetical_protein.pdb
  2089	hypothetical_protein.pdb
  2090	hypothetical_protein.pdb
  2094	hypothetical_protein.pdb
  2095	hypothetical_protein.pdb
  2096	hypothetical_protein.pdb
  2098	hypothetical_protein.pdb
  2099	hypothetical_protein.pdb
  2100	hypothetical_protein.pdb
  2101	hypothetical_protein.pdb
  2102	hypothetical_protein.pdb
  2103	hypothetical_protein.pdb
  2104	hypothetical_protein.pdb
  2105	hypothetical_protein.pdb
  2107	hypothetical_protein.pdb
  2109	hypothetical_protein.pdb
  2110	hypothetical_protein.pdb
  2112	hypothetical_protein.pdb
  2113	hypothetical_protein.pdb
  2114	hypothetical_protein.pdb
  2115	hypothetical_protein.pdb
  2116	hypothetical_protein.pdb
  2118	hypothetical_protein.pdb
  2119	hypothetical_protein.pdb
  2120	hypothetical_protein.pdb
  2122	hypothetical_protein.pdb
  2123	hypothetical_protein.pdb
  2127	hypothetical_protein.pdb
  2128	hypothetical_protein.pdb
  2129	hypothetical_protein.pdb
  2130	hypothetical_protein.pdb
  2131	hypothetical_protein.pdb
  2132	hypothetical_protein.pdb
  2134	hypothetical_protein.pdb
  2136	hypothetical_protein.pdb
  2137	hypothetical_protein.pdb
  2138	hypothetical_protein.pdb
  2139	hypothetical_protein.pdb
  2140	hypothetical_protein.pdb
  2141	hypothetical_protein.pdb
  2142	hypothetical_protein.pdb
  2144	hypothetical_protein.pdb
  2145	hypothetical_protein.pdb
  2146	hypothetical_protein.pdb
  2147	hypothetical_protein.pdb
  2151	hypothetical_protein.pdb
  2152	hypothetical_protein.pdb
  2153	hypothetical_protein.pdb
  2154	hypothetical_protein.pdb
  2155	hypothetical_protein.pdb
  2157	hypothetical_protein.pdb
  2158	hypothetical_protein.pdb
  2159	hypothetical_protein.pdb
  2161	hypothetical_protein.pdb
  2165	hypothetical_protein.pdb
  2166	hypothetical_protein.pdb
  2167	hypothetical_protein.pdb
  2170	hypothetical_protein.pdb
  2171	hypothetical_protein.pdb
  2172	hypothetical_protein.pdb
  2173	hypothetical_protein.pdb
  2178	hypothetical_protein.pdb
  2181	hypothetical_protein.pdb
  2182	hypothetical_protein.pdb
  2184	hypothetical_protein.pdb
  2185	hypothetical_protein.pdb
  2187	hypothetical_protein.pdb
  2188	hypothetical_protein.pdb
  2189	hypothetical_protein.pdb
  2191	hypothetical_protein.pdb
  2192	hypothetical_protein.pdb
  2193	hypothetical_protein.pdb
  2194	hypothetical_protein.pdb
  2196	hypothetical_protein.pdb
  2197	hypothetical_protein.pdb
  2199	hypothetical_protein.pdb
  2201	hypothetical_protein.pdb
  2202	hypothetical_protein.pdb
  2203	hypothetical_protein.pdb
  2204	hypothetical_protein.pdb
  2207	hypothetical_protein.pdb
  2208	hypothetical_protein.pdb
  2209	hypothetical_protein.pdb
  2210	hypothetical_protein.pdb
  2211	hypothetical_protein.pdb
  2212	hypothetical_protein.pdb
  2213	hypothetical_protein.pdb
  2214	hypothetical_protein.pdb
  2215	hypothetical_protein.pdb
  2217	hypothetical_protein.pdb
  2219	hypothetical_protein.pdb
  2220	hypothetical_protein.pdb
  2222	hypothetical_protein.pdb
  2223	hypothetical_protein.pdb
  2225	hypothetical_protein.pdb
  2228	hypothetical_protein.pdb
  2229	hypothetical_protein.pdb
  2230	hypothetical_protein.pdb
  2232	hypothetical_protein.pdb
  2238	hypothetical_protein.pdb
  2239	hypothetical_protein.pdb
  2242	hypothetical_protein.pdb
  2244	hypothetical_protein.pdb
  2245	hypothetical_protein.pdb
  2246	hypothetical_protein.pdb
  2248	hypothetical_protein.pdb
  2249	hypothetical_protein.pdb
  2251	hypothetical_protein.pdb
  2252	hypothetical_protein.pdb
  2253	hypothetical_protein.pdb
  2254	hypothetical_protein.pdb
  2255	hypothetical_protein.pdb
  2256	hypothetical_protein.pdb
  2258	hypothetical_protein.pdb
  2259	hypothetical_protein.pdb
  2264	hypothetical_protein.pdb
  2265	hypothetical_protein.pdb
  2266	hypothetical_protein.pdb
  2267	hypothetical_protein.pdb
  2269	hypothetical_protein.pdb
  2270	hypothetical_protein.pdb
  2273	hypothetical_protein.pdb
  2277	hypothetical_protein.pdb
  2280	hypothetical_protein.pdb
  2281	hypothetical_protein.pdb
  2282	hypothetical_protein.pdb
  2283	hypothetical_protein.pdb
  2284	hypothetical_protein.pdb
  2285	hypothetical_protein.pdb
  2286	hypothetical_protein.pdb
  2287	hypothetical_protein.pdb
  2288	hypothetical_protein.pdb
  2289	hypothetical_protein.pdb
  2290	hypothetical_protein.pdb
  2291	hypothetical_protein.pdb
  2294	hypothetical_protein.pdb
  2296	hypothetical_protein.pdb
  2297	hypothetical_protein.pdb
  2298	hypothetical_protein.pdb
  2299	hypothetical_protein.pdb
  2300	hypothetical_protein.pdb
  2301	hypothetical_protein.pdb
  2302	hypothetical_protein.pdb
  2304	hypothetical_protein.pdb
  2305	hypothetical_protein.pdb
  2306	hypothetical_protein.pdb
  2307	hypothetical_protein.pdb
  2308	hypothetical_protein.pdb
  2309	hypothetical_protein.pdb
  2310	hypothetical_protein.pdb
  2311	hypothetical_protein.pdb
  2313	hypothetical_protein.pdb
  2314	hypothetical_protein.pdb
  2315	hypothetical_protein.pdb
  2316	hypothetical_protein.pdb
  2317	hypothetical_protein.pdb
  2318	hypothetical_protein.pdb
  2319	hypothetical_protein.pdb
  2320	hypothetical_protein.pdb
  2322	hypothetical_protein.pdb
  2323	hypothetical_protein.pdb
  2324	hypothetical_protein.pdb
  2325	hypothetical_protein.pdb
  2326	hypothetical_protein.pdb
  2327	hypothetical_protein.pdb
  2328	hypothetical_protein.pdb
  2330	hypothetical_protein.pdb
  2333	hypothetical_protein.pdb
  2335	hypothetical_protein.pdb
  2336	hypothetical_protein.pdb
  2339	hypothetical_protein.pdb
  2340	hypothetical_protein.pdb
  2341	hypothetical_protein.pdb
  2342	hypothetical_protein.pdb
  2346	hypothetical_protein.pdb
  2347	hypothetical_protein.pdb
  2348	hypothetical_protein.pdb
  2349	hypothetical_protein.pdb
  2352	hypothetical_protein.pdb
  2353	hypothetical_protein.pdb
  2354	hypothetical_protein.pdb
  2356	hypothetical_protein.pdb
  2359	hypothetical_protein.pdb
  2360	hypothetical_protein.pdb
  2362	hypothetical_protein.pdb
  2363	hypothetical_protein.pdb
  2364	hypothetical_protein.pdb
  2365	hypothetical_protein.pdb
  2366	hypothetical_protein.pdb
  2367	hypothetical_protein.pdb
  2371	hypothetical_protein.pdb
  2372	hypothetical_protein.pdb
  2373	hypothetical_protein.pdb
  2374	hypothetical_protein.pdb
  2375	hypothetical_protein.pdb
  2376	hypothetical_protein.pdb
  2379	hypothetical_protein.pdb
  2380	hypothetical_protein.pdb
  2381	hypothetical_protein.pdb
  2382	hypothetical_protein.pdb
  2383	hypothetical_protein.pdb
  2384	hypothetical_protein.pdb
  2385	hypothetical_protein.pdb
  2387	hypothetical_protein.pdb
  2388	hypothetical_protein.pdb
  2389	hypothetical_protein.pdb
  2390	hypothetical_protein.pdb
  2391	hypothetical_protein.pdb
  2392	hypothetical_protein.pdb
  2393	hypothetical_protein.pdb
  2394	hypothetical_protein.pdb
  2395	hypothetical_protein.pdb
  2396	hypothetical_protein.pdb
  2397	hypothetical_protein.pdb
  2398	hypothetical_protein.pdb
  2399	hypothetical_protein.pdb
  2400	hypothetical_protein.pdb
  2402	hypothetical_protein.pdb
  2403	hypothetical_protein.pdb
  2404	hypothetical_protein.pdb
  2405	hypothetical_protein.pdb
  2406	hypothetical_protein.pdb
  2407	hypothetical_protein.pdb
  2408	hypothetical_protein.pdb
  2412	hypothetical_protein.pdb
  2414	hypothetical_protein.pdb
  2417	hypothetical_protein.pdb
  2418	hypothetical_protein.pdb
  2419	hypothetical_protein.pdb
  2420	hypothetical_protein.pdb
  2421	hypothetical_protein.pdb
  2422	hypothetical_protein.pdb
  2423	hypothetical_protein.pdb
  2428	hypothetical_protein.pdb
  2429	hypothetical_protein.pdb
  2431	hypothetical_protein.pdb
  2433	hypothetical_protein.pdb
  2435	hypothetical_protein.pdb
  2436	hypothetical_protein.pdb
  2438	hypothetical_protein.pdb
  2439	hypothetical_protein.pdb
  2440	hypothetical_protein.pdb
  2442	hypothetical_protein.pdb
  2443	hypothetical_protein.pdb
  2444	hypothetical_protein.pdb
  2446	hypothetical_protein.pdb
  2447	hypothetical_protein.pdb
  2448	hypothetical_protein.pdb
  2449	hypothetical_protein.pdb
  2450	hypothetical_protein.pdb
  2451	hypothetical_protein.pdb
  2453	hypothetical_protein.pdb
  2454	hypothetical_protein.pdb
  2458	hypothetical_protein.pdb
  2459	hypothetical_protein.pdb
  2460	hypothetical_protein.pdb
  2461	hypothetical_protein.pdb
  2462	hypothetical_protein.pdb
  2463	hypothetical_protein.pdb
  2464	hypothetical_protein.pdb
  2465	hypothetical_protein.pdb
  2466	hypothetical_protein.pdb
  2467	hypothetical_protein.pdb
  2468	hypothetical_protein.pdb
  2469	hypothetical_protein.pdb
  2470	hypothetical_protein.pdb
  2472	hypothetical_protein.pdb
  2475	hypothetical_protein.pdb
  2476	hypothetical_protein.pdb
  2478	hypothetical_protein.pdb
  2479	hypothetical_protein.pdb
  2480	hypothetical_protein.pdb
  2482	hypothetical_protein.pdb
  2484	hypothetical_protein.pdb
  2487	hypothetical_protein.pdb
  2489	hypothetical_protein.pdb
  2491	hypothetical_protein.pdb
  2493	hypothetical_protein.pdb
  2494	hypothetical_protein.pdb
  2495	hypothetical_protein.pdb
  2498	hypothetical_protein.pdb
  2499	hypothetical_protein.pdb
  2500	hypothetical_protein.pdb
  2503	hypothetical_protein.pdb
  2504	hypothetical_protein.pdb
  2507	hypothetical_protein.pdb
  2509	hypothetical_protein.pdb
  2510	hypothetical_protein.pdb
  2511	hypothetical_protein.pdb
  2517	hypothetical_protein.pdb
  2518	hypothetical_protein.pdb
  2519	hypothetical_protein.pdb
  2520	hypothetical_protein.pdb
  2521	hypothetical_protein.pdb
  2522	hypothetical_protein.pdb
  2526	hypothetical_protein.pdb
  2527	hypothetical_protein.pdb
  2528	hypothetical_protein.pdb
  2530	hypothetical_protein.pdb
  2531	hypothetical_protein.pdb
  2532	hypothetical_protein.pdb
  2533	hypothetical_protein.pdb
  2535	hypothetical_protein.pdb
  2536	hypothetical_protein.pdb
  2537	hypothetical_protein.pdb
  2539	hypothetical_protein.pdb
  2540	hypothetical_protein.pdb
  2542	hypothetical_protein.pdb
  2543	hypothetical_protein.pdb
  2544	hypothetical_protein.pdb
  2545	hypothetical_protein.pdb
  2546	hypothetical_protein.pdb
  2548	hypothetical_protein.pdb
  2549	hypothetical_protein.pdb
  2550	hypothetical_protein.pdb
  2551	hypothetical_protein.pdb
  2553	hypothetical_protein.pdb
  2554	hypothetical_protein.pdb
  2555	hypothetical_protein.pdb
  2557	hypothetical_protein.pdb
  2559	hypothetical_protein.pdb
  2561	hypothetical_protein.pdb
  2563	hypothetical_protein.pdb
  2564	hypothetical_protein.pdb
  2565	hypothetical_protein.pdb
  2568	hypothetical_protein.pdb
  2569	hypothetical_protein.pdb
  2570	hypothetical_protein.pdb
  2571	hypothetical_protein.pdb
  2573	hypothetical_protein.pdb
  2574	hypothetical_protein.pdb
  2576	hypothetical_protein.pdb
  2577	hypothetical_protein.pdb
  2578	hypothetical_protein.pdb
  2580	hypothetical_protein.pdb
  2582	hypothetical_protein.pdb
  2583	hypothetical_protein.pdb
  2584	hypothetical_protein.pdb
  2585	hypothetical_protein.pdb
  2586	hypothetical_protein.pdb
  2587	hypothetical_protein.pdb
  2588	hypothetical_protein.pdb
  2589	hypothetical_protein.pdb
  2590	hypothetical_protein.pdb
  2591	hypothetical_protein.pdb
  2592	hypothetical_protein.pdb
  2593	hypothetical_protein.pdb
  2594	hypothetical_protein.pdb
  2596	hypothetical_protein.pdb
  2597	hypothetical_protein.pdb
  2598	hypothetical_protein.pdb
  2599	hypothetical_protein.pdb
  2601	hypothetical_protein.pdb
  2602	hypothetical_protein.pdb
  2603	hypothetical_protein.pdb
  2605	hypothetical_protein.pdb
  2606	hypothetical_protein.pdb
  2608	hypothetical_protein.pdb
  2609	hypothetical_protein.pdb
  2613	hypothetical_protein.pdb
  2614	hypothetical_protein.pdb
  2616	hypothetical_protein.pdb
  2617	hypothetical_protein.pdb
  2618	hypothetical_protein.pdb
  2619	hypothetical_protein.pdb
  2620	hypothetical_protein.pdb
  2621	hypothetical_protein.pdb
  2622	hypothetical_protein.pdb
  2623	hypothetical_protein.pdb
  2624	hypothetical_protein.pdb
  2627	hypothetical_protein.pdb
  2629	hypothetical_protein.pdb
  2630	hypothetical_protein.pdb
  2632	hypothetical_protein.pdb
  2633	hypothetical_protein.pdb
  2634	hypothetical_protein.pdb
  2635	hypothetical_protein.pdb
  2636	hypothetical_protein.pdb
  2638	hypothetical_protein.pdb
  2639	hypothetical_protein.pdb
  2640	hypothetical_protein.pdb
  2642	hypothetical_protein.pdb
  2643	hypothetical_protein.pdb
  2644	hypothetical_protein.pdb
  2645	hypothetical_protein.pdb
  2646	hypothetical_protein.pdb
  2647	hypothetical_protein.pdb
  2648	hypothetical_protein.pdb
  2649	hypothetical_protein.pdb
  2650	hypothetical_protein.pdb
  2651	hypothetical_protein.pdb
  2652	hypothetical_protein.pdb
  2655	hypothetical_protein.pdb
  2656	hypothetical_protein.pdb
  2657	hypothetical_protein.pdb
  2658	hypothetical_protein.pdb
  2660	hypothetical_protein.pdb
  2661	hypothetical_protein.pdb
  2662	hypothetical_protein.pdb
  2663	hypothetical_protein.pdb
  2664	hypothetical_protein.pdb
  2665	hypothetical_protein.pdb
  2666	hypothetical_protein.pdb
  2667	hypothetical_protein.pdb
  2668	hypothetical_protein.pdb
  2671	hypothetical_protein.pdb
  2674	hypothetical_protein.pdb
  2677	hypothetical_protein.pdb
  2678	hypothetical_protein.pdb
  2679	hypothetical_protein.pdb
  2680	hypothetical_protein.pdb
  2682	hypothetical_protein.pdb
  2683	hypothetical_protein.pdb
  2686	hypothetical_protein.pdb
  2688	hypothetical_protein.pdb
  2689	hypothetical_protein.pdb
  2690	hypothetical_protein.pdb
  2691	hypothetical_protein.pdb
  2692	hypothetical_protein.pdb
  2693	hypothetical_protein.pdb
  2694	hypothetical_protein.pdb
  2696	hypothetical_protein.pdb
  2697	hypothetical_protein.pdb
  2698	hypothetical_protein.pdb
  2699	hypothetical_protein.pdb
  2703	hypothetical_protein.pdb
  2704	hypothetical_protein.pdb
  2705	hypothetical_protein.pdb
  2706	hypothetical_protein.pdb
  2707	hypothetical_protein.pdb
  2708	hypothetical_protein.pdb
  2709	hypothetical_protein.pdb
  2712	hypothetical_protein.pdb
  2713	hypothetical_protein.pdb
  2714	hypothetical_protein.pdb
  2715	hypothetical_protein.pdb
  2716	hypothetical_protein.pdb
  2719	hypothetical_protein.pdb
  2720	hypothetical_protein.pdb
  2721	hypothetical_protein.pdb
  2723	hypothetical_protein.pdb
  2724	hypothetical_protein.pdb
  2725	hypothetical_protein.pdb
  2728	hypothetical_protein.pdb
  2730	hypothetical_protein.pdb
  2732	hypothetical_protein.pdb
  2733	hypothetical_protein.pdb
  2736	hypothetical_protein.pdb
  2737	hypothetical_protein.pdb
  2738	hypothetical_protein.pdb
  2739	hypothetical_protein.pdb
  2740	hypothetical_protein.pdb
  2741	hypothetical_protein.pdb
  2742	hypothetical_protein.pdb
  2743	hypothetical_protein.pdb
  2745	hypothetical_protein.pdb
  2746	hypothetical_protein.pdb
  2747	hypothetical_protein.pdb
  2748	hypothetical_protein.pdb
  2749	hypothetical_protein.pdb
  2750	hypothetical_protein.pdb
  2751	hypothetical_protein.pdb
  2752	hypothetical_protein.pdb
  2754	hypothetical_protein.pdb
  2755	hypothetical_protein.pdb
  2756	hypothetical_protein.pdb
  2757	hypothetical_protein.pdb
  2758	hypothetical_protein.pdb
  2759	hypothetical_protein.pdb
  2760	hypothetical_protein.pdb
  2761	hypothetical_protein.pdb
  2762	hypothetical_protein.pdb
  2763	hypothetical_protein.pdb
  2764	hypothetical_protein.pdb
  2765	hypothetical_protein.pdb
  2766	hypothetical_protein.pdb
  2767	hypothetical_protein.pdb
  2768	hypothetical_protein.pdb
  2769	hypothetical_protein.pdb
  2770	hypothetical_protein.pdb
  2771	hypothetical_protein.pdb
  2772	hypothetical_protein.pdb
  2773	hypothetical_protein.pdb
  2774	hypothetical_protein.pdb
  2775	hypothetical_protein.pdb
  2776	hypothetical_protein.pdb
  2777	hypothetical_protein.pdb
  2780	hypothetical_protein.pdb
  2781	hypothetical_protein.pdb
  2782	hypothetical_protein.pdb
  2783	hypothetical_protein.pdb
  2784	hypothetical_protein.pdb
  2785	hypothetical_protein.pdb
  2786	hypothetical_protein.pdb
  2787	hypothetical_protein.pdb
  2788	hypothetical_protein.pdb
  2789	hypothetical_protein.pdb
  2790	hypothetical_protein.pdb
  2791	hypothetical_protein.pdb
  2792	hypothetical_protein.pdb
  2793	hypothetical_protein.pdb
  2794	hypothetical_protein.pdb
  2795	hypothetical_protein.pdb
  2796	hypothetical_protein.pdb
  2797	hypothetical_protein.pdb
  2798	hypothetical_protein.pdb
  2799	hypothetical_protein.pdb
  2800	hypothetical_protein.pdb
  2801	hypothetical_protein.pdb
  2802	hypothetical_protein.pdb
  2804	hypothetical_protein.pdb
  2805	hypothetical_protein.pdb
  2806	hypothetical_protein.pdb
  2807	hypothetical_protein.pdb
  2808	hypothetical_protein.pdb
  2809	hypothetical_protein.pdb
  2810	hypothetical_protein.pdb
  2811	hypothetical_protein.pdb
  2812	hypothetical_protein.pdb
  2813	hypothetical_protein.pdb
  2814	hypothetical_protein.pdb
  2815	hypothetical_protein.pdb
  2816	hypothetical_protein.pdb
  2817	hypothetical_protein.pdb
  2818	hypothetical_protein.pdb
  2819	hypothetical_protein.pdb
  2820	hypothetical_protein.pdb
  2821	hypothetical_protein.pdb
  2822	hypothetical_protein.pdb
  2828	hypothetical_protein.pdb
  2829	hypothetical_protein.pdb
  2831	hypothetical_protein.pdb
  2832	hypothetical_protein.pdb
  2833	hypothetical_protein.pdb
  2834	hypothetical_protein.pdb
  2835	hypothetical_protein.pdb
  2836	hypothetical_protein.pdb
  2837	hypothetical_protein.pdb
  2838	hypothetical_protein.pdb
  2839	hypothetical_protein.pdb
  2840	hypothetical_protein.pdb
  2841	hypothetical_protein.pdb
  2842	hypothetical_protein.pdb
  2843	hypothetical_protein.pdb
  2844	hypothetical_protein.pdb
  2845	hypothetical_protein.pdb
  2846	hypothetical_protein.pdb
  2847	hypothetical_protein.pdb
  2848	hypothetical_protein.pdb
  2849	hypothetical_protein.pdb
  2850	hypothetical_protein.pdb
  2859	hypothetical_protein.pdb
  2860	hypothetical_protein.pdb
  2861	hypothetical_protein.pdb
  2863	hypothetical_protein.pdb
  2864	hypothetical_protein.pdb
  2866	hypothetical_protein.pdb
  2873	hypothetical_protein.pdb
  2877	hypothetical_protein.pdb
  2878	hypothetical_protein.pdb
  2879	hypothetical_protein.pdb
  2880	hypothetical_protein.pdb
  2881	hypothetical_protein.pdb
  2882	hypothetical_protein.pdb
  2884	hypothetical_protein.pdb
  2886	hypothetical_protein.pdb
  2888	hypothetical_protein.pdb
  2889	hypothetical_protein.pdb
  2890	hypothetical_protein.pdb
  2892	hypothetical_protein.pdb
  2893	hypothetical_protein.pdb
  2894	hypothetical_protein.pdb
  2895	hypothetical_protein.pdb
  2896	hypothetical_protein.pdb
  2898	hypothetical_protein.pdb
  2899	hypothetical_protein.pdb
  2901	hypothetical_protein.pdb
  2903	hypothetical_protein.pdb
  2905	hypothetical_protein.pdb
  2907	hypothetical_protein.pdb
  2908	hypothetical_protein.pdb
  2910	hypothetical_protein.pdb
  2911	hypothetical_protein.pdb
  2913	hypothetical_protein.pdb
  2917	hypothetical_protein.pdb
  2919	hypothetical_protein.pdb
  2920	hypothetical_protein.pdb
  2921	hypothetical_protein.pdb
  2922	hypothetical_protein.pdb
  2923	hypothetical_protein.pdb
  2924	hypothetical_protein.pdb
  2928	hypothetical_protein.pdb
  2929	hypothetical_protein.pdb
  2932	hypothetical_protein.pdb
  2937	hypothetical_protein.pdb
  2941	hypothetical_protein.pdb
  2942	hypothetical_protein.pdb
  2947	hypothetical_protein.pdb
  2948	hypothetical_protein.pdb
  2949	hypothetical_protein.pdb
  2950	hypothetical_protein.pdb
  2951	hypothetical_protein.pdb
  2954	hypothetical_protein.pdb
  2957	hypothetical_protein.pdb
  2958	hypothetical_protein.pdb
  2959	hypothetical_protein.pdb
  2960	hypothetical_protein.pdb
  2961	hypothetical_protein.pdb
  2962	hypothetical_protein.pdb
  2968	hypothetical_protein.pdb
  2969	hypothetical_protein.pdb
  2971	hypothetical_protein.pdb
  2972	hypothetical_protein.pdb
  2974	hypothetical_protein.pdb
  2975	hypothetical_protein.pdb
  2978	hypothetical_protein.pdb
  2982	hypothetical_protein.pdb
  2983	hypothetical_protein.pdb
  2985	hypothetical_protein.pdb
  2986	hypothetical_protein.pdb
  2987	hypothetical_protein.pdb
  2988	hypothetical_protein.pdb
  2989	hypothetical_protein.pdb
  2990	hypothetical_protein.pdb
  2991	hypothetical_protein.pdb
  2992	hypothetical_protein.pdb
  2993	hypothetical_protein.pdb
  2996	hypothetical_protein.pdb
  2997	hypothetical_protein.pdb
  2998	hypothetical_protein.pdb
  2999	hypothetical_protein.pdb
  3000	hypothetical_protein.pdb
  3002	hypothetical_protein.pdb
  3003	hypothetical_protein.pdb
  3004	hypothetical_protein.pdb
  3007	hypothetical_protein.pdb
  3008	hypothetical_protein.pdb
  3010	hypothetical_protein.pdb
  3011	hypothetical_protein.pdb
  3014	hypothetical_protein.pdb
  3015	hypothetical_protein.pdb
  3016	hypothetical_protein.pdb
  3017	hypothetical_protein.pdb
  3020	hypothetical_protein.pdb
  3021	hypothetical_protein.pdb
  3024	hypothetical_protein.pdb
  3025	hypothetical_protein.pdb
  3026	hypothetical_protein.pdb
  3027	hypothetical_protein.pdb
  3028	hypothetical_protein.pdb
  3030	hypothetical_protein.pdb
  3031	hypothetical_protein.pdb
  3032	hypothetical_protein.pdb
  3033	hypothetical_protein.pdb
  3035	hypothetical_protein.pdb
  3038	hypothetical_protein.pdb
  3039	hypothetical_protein.pdb
  3040	hypothetical_protein.pdb
  3041	hypothetical_protein.pdb
  3042	hypothetical_protein.pdb
  3045	hypothetical_protein.pdb
  3047	hypothetical_protein.pdb
  3048	hypothetical_protein.pdb
  3049	hypothetical_protein.pdb
  3050	hypothetical_protein.pdb
  3051	hypothetical_protein.pdb
  3052	hypothetical_protein.pdb
  3053	hypothetical_protein.pdb
  3054	hypothetical_protein.pdb
  3055	hypothetical_protein.pdb
  3057	hypothetical_protein.pdb
  3058	hypothetical_protein.pdb
  3059	hypothetical_protein.pdb
  3060	hypothetical_protein.pdb
  3062	hypothetical_protein.pdb
  3063	hypothetical_protein.pdb
  3064	hypothetical_protein.pdb
  3065	hypothetical_protein.pdb
  3066	hypothetical_protein.pdb
  3067	hypothetical_protein.pdb
  3069	hypothetical_protein.pdb
  3070	hypothetical_protein.pdb
  3071	hypothetical_protein.pdb
  3072	hypothetical_protein.pdb
  3073	hypothetical_protein.pdb
  3074	hypothetical_protein.pdb
  3077	hypothetical_protein.pdb
  3078	hypothetical_protein.pdb
  3079	hypothetical_protein.pdb
  3080	hypothetical_protein.pdb
  3081	hypothetical_protein.pdb
  3084	hypothetical_protein.pdb
  3086	hypothetical_protein.pdb
  3087	hypothetical_protein.pdb
  3088	hypothetical_protein.pdb
  3089	hypothetical_protein.pdb
  3091	hypothetical_protein.pdb
  3092	hypothetical_protein.pdb
  3093	hypothetical_protein.pdb
  3094	hypothetical_protein.pdb
  3096	hypothetical_protein.pdb
  3097	hypothetical_protein.pdb
  3099	hypothetical_protein.pdb
  3102	hypothetical_protein.pdb
  3103	hypothetical_protein.pdb
  3104	hypothetical_protein.pdb
  3111	hypothetical_protein.pdb
  3112	hypothetical_protein.pdb
  3113	hypothetical_protein.pdb
  3114	hypothetical_protein.pdb
  3115	hypothetical_protein.pdb
  3116	hypothetical_protein.pdb
  3118	hypothetical_protein.pdb
  3119	hypothetical_protein.pdb
  3122	hypothetical_protein.pdb
  3124	hypothetical_protein.pdb
  3127	hypothetical_protein.pdb
  3131	hypothetical_protein.pdb
  3133	hypothetical_protein.pdb
  3134	hypothetical_protein.pdb
  3135	hypothetical_protein.pdb
  3136	hypothetical_protein.pdb
  3137	hypothetical_protein.pdb
  3138	hypothetical_protein.pdb
  3139	hypothetical_protein.pdb
  3140	hypothetical_protein.pdb
  3142	hypothetical_protein.pdb
  3143	hypothetical_protein.pdb
  3145	hypothetical_protein.pdb
  3148	hypothetical_protein.pdb
  3149	hypothetical_protein.pdb
  3151	hypothetical_protein.pdb
  3152	hypothetical_protein.pdb
  3153	hypothetical_protein.pdb
  3154	hypothetical_protein.pdb
  3158	hypothetical_protein.pdb
  3160	hypothetical_protein.pdb
  3162	hypothetical_protein.pdb
  3164	hypothetical_protein.pdb
  3165	hypothetical_protein.pdb
  3166	hypothetical_protein.pdb
  3167	hypothetical_protein.pdb
  3168	hypothetical_protein.pdb
  3171	hypothetical_protein.pdb
  3172	hypothetical_protein.pdb
  3174	hypothetical_protein.pdb
  3175	hypothetical_protein.pdb
  3176	hypothetical_protein.pdb
  3177	hypothetical_protein.pdb
  3179	hypothetical_protein.pdb
  3181	hypothetical_protein.pdb
  3182	hypothetical_protein.pdb
  3183	hypothetical_protein.pdb
  3189	hypothetical_protein.pdb
  3191	hypothetical_protein.pdb
  3192	hypothetical_protein.pdb
  3193	hypothetical_protein.pdb
  3194	hypothetical_protein.pdb
  3195	hypothetical_protein.pdb
  3196	hypothetical_protein.pdb
  3197	hypothetical_protein.pdb
  3198	hypothetical_protein.pdb
  3202	hypothetical_protein.pdb
  3203	hypothetical_protein.pdb
  3204	hypothetical_protein.pdb
  3207	hypothetical_protein.pdb
  3209	hypothetical_protein.pdb
  3210	hypothetical_protein.pdb
  3211	hypothetical_protein.pdb
  3212	hypothetical_protein.pdb
  3213	hypothetical_protein.pdb
  3214	hypothetical_protein.pdb
  3215	hypothetical_protein.pdb
  3217	hypothetical_protein.pdb
  3218	hypothetical_protein.pdb
  3219	hypothetical_protein.pdb
  3220	hypothetical_protein.pdb
  3224	hypothetical_protein.pdb
  3225	hypothetical_protein.pdb
  3227	hypothetical_protein.pdb
  3228	hypothetical_protein.pdb
  3229	hypothetical_protein.pdb
  3231	hypothetical_protein.pdb
  3232	hypothetical_protein.pdb
  3235	hypothetical_protein.pdb
  3240	hypothetical_protein.pdb
  3241	hypothetical_protein.pdb
  3242	hypothetical_protein.pdb
  3243	hypothetical_protein.pdb
  3244	hypothetical_protein.pdb
  3245	hypothetical_protein.pdb
  3246	hypothetical_protein.pdb
  3247	hypothetical_protein.pdb
  3250	hypothetical_protein.pdb
  3251	hypothetical_protein.pdb
  3253	hypothetical_protein.pdb
  3254	hypothetical_protein.pdb
  3255	hypothetical_protein.pdb
  3256	hypothetical_protein.pdb
  3257	hypothetical_protein.pdb
  3258	hypothetical_protein.pdb
  3259	hypothetical_protein.pdb
  3261	hypothetical_protein.pdb
  3264	hypothetical_protein.pdb
  3265	hypothetical_protein.pdb
  3266	hypothetical_protein.pdb
  3267	hypothetical_protein.pdb
  3269	hypothetical_protein.pdb
  3270	hypothetical_protein.pdb
  3273	hypothetical_protein.pdb
  3276	hypothetical_protein.pdb
  3277	hypothetical_protein.pdb
  3278	hypothetical_protein.pdb
  3280	hypothetical_protein.pdb
  3282	hypothetical_protein.pdb
  3286	hypothetical_protein.pdb
  3287	hypothetical_protein.pdb
  3288	hypothetical_protein.pdb
  3289	hypothetical_protein.pdb
  3290	hypothetical_protein.pdb
  3291	hypothetical_protein.pdb
  3292	hypothetical_protein.pdb
  3293	hypothetical_protein.pdb
  3294	hypothetical_protein.pdb
  3295	hypothetical_protein.pdb
  3296	hypothetical_protein.pdb
  3298	hypothetical_protein.pdb
  3299	hypothetical_protein.pdb
  3300	hypothetical_protein.pdb
  3301	hypothetical_protein.pdb
  3303	hypothetical_protein.pdb
  3304	hypothetical_protein.pdb
  3306	hypothetical_protein.pdb
  3308	hypothetical_protein.pdb
  3310	hypothetical_protein.pdb
  3313	hypothetical_protein.pdb
  3314	hypothetical_protein.pdb
  3316	hypothetical_protein.pdb
  3317	hypothetical_protein.pdb
  3318	hypothetical_protein.pdb
  3321	hypothetical_protein.pdb
  3322	hypothetical_protein.pdb
  3323	hypothetical_protein.pdb
  3324	hypothetical_protein.pdb
  3325	hypothetical_protein.pdb
  3326	hypothetical_protein.pdb
  3327	hypothetical_protein.pdb
  3329	hypothetical_protein.pdb
  3331	hypothetical_protein.pdb
  3332	hypothetical_protein.pdb
  3334	hypothetical_protein.pdb
  3335	hypothetical_protein.pdb
  3337	hypothetical_protein.pdb
  3338	hypothetical_protein.pdb
  3340	hypothetical_protein.pdb
  3344	hypothetical_protein.pdb
  3345	hypothetical_protein.pdb
  3347	hypothetical_protein.pdb
  3349	hypothetical_protein.pdb
  3351	hypothetical_protein.pdb
  3353	hypothetical_protein.pdb
  3354	hypothetical_protein.pdb
  3357	hypothetical_protein.pdb
  3363	hypothetical_protein.pdb
  3364	hypothetical_protein.pdb
  3365	hypothetical_protein.pdb
  3366	hypothetical_protein.pdb
  3367	hypothetical_protein.pdb
  3368	hypothetical_protein.pdb
  3369	hypothetical_protein.pdb
  3370	hypothetical_protein.pdb
  3371	hypothetical_protein.pdb
  3373	hypothetical_protein.pdb
  3374	hypothetical_protein.pdb
  3375	hypothetical_protein.pdb
  3376	hypothetical_protein.pdb
  3378	hypothetical_protein.pdb
  3379	hypothetical_protein.pdb
  3380	hypothetical_protein.pdb
  3382	hypothetical_protein.pdb
  3383	hypothetical_protein.pdb
  3385	hypothetical_protein.pdb
  3386	hypothetical_protein.pdb
  3388	hypothetical_protein.pdb
  3389	hypothetical_protein.pdb
  3390	hypothetical_protein.pdb
  3392	hypothetical_protein.pdb
  3394	hypothetical_protein.pdb
  3395	hypothetical_protein.pdb
  3396	hypothetical_protein.pdb
  3397	hypothetical_protein.pdb
  3399	hypothetical_protein.pdb
  3400	hypothetical_protein.pdb
  3402	hypothetical_protein.pdb
  3403	hypothetical_protein.pdb
  3404	hypothetical_protein.pdb
  3405	hypothetical_protein.pdb
  3406	hypothetical_protein.pdb
  3407	hypothetical_protein.pdb
  3408	hypothetical_protein.pdb
  3410	hypothetical_protein.pdb
  3411	hypothetical_protein.pdb
  3414	hypothetical_protein.pdb
  3415	hypothetical_protein.pdb
  3416	hypothetical_protein.pdb
  3417	hypothetical_protein.pdb
  3418	hypothetical_protein.pdb
  3419	hypothetical_protein.pdb
  3420	hypothetical_protein.pdb
  3421	hypothetical_protein.pdb
  3422	hypothetical_protein.pdb
  3423	hypothetical_protein.pdb
  3425	hypothetical_protein.pdb
  3428	hypothetical_protein.pdb
  3429	hypothetical_protein.pdb
  3431	hypothetical_protein.pdb
  3432	hypothetical_protein.pdb
  3434	hypothetical_protein.pdb
  3435	hypothetical_protein.pdb
  3436	hypothetical_protein.pdb
  3437	hypothetical_protein.pdb
  3440	hypothetical_protein.pdb
  3441	hypothetical_protein.pdb
  3442	hypothetical_protein.pdb
  3443	hypothetical_protein.pdb
  3444	hypothetical_protein.pdb
  3445	hypothetical_protein.pdb
  3446	hypothetical_protein.pdb
  3448	hypothetical_protein.pdb
  3450	hypothetical_protein.pdb
  3454	hypothetical_protein.pdb
  3456	hypothetical_protein.pdb
  3458	hypothetical_protein.pdb
  3459	hypothetical_protein.pdb
  3462	hypothetical_protein.pdb
  3464	hypothetical_protein.pdb
  3465	hypothetical_protein.pdb
  3466	hypothetical_protein.pdb
  3467	hypothetical_protein.pdb
  3468	hypothetical_protein.pdb
  3471	hypothetical_protein.pdb
  3473	hypothetical_protein.pdb
  3474	hypothetical_protein.pdb
  3475	hypothetical_protein.pdb
  3476	hypothetical_protein.pdb
  3477	hypothetical_protein.pdb
  3478	hypothetical_protein.pdb
  3480	hypothetical_protein.pdb
  3482	hypothetical_protein.pdb
  3483	hypothetical_protein.pdb
  3484	hypothetical_protein.pdb
  3485	hypothetical_protein.pdb
  3487	hypothetical_protein.pdb
  3488	hypothetical_protein.pdb
  3489	hypothetical_protein.pdb
  3494	hypothetical_protein.pdb
  3495	hypothetical_protein.pdb
  3496	hypothetical_protein.pdb
  3498	hypothetical_protein.pdb
  3499	hypothetical_protein.pdb
  3500	hypothetical_protein.pdb
  3501	hypothetical_protein.pdb
  3502	hypothetical_protein.pdb
  3503	hypothetical_protein.pdb
  3505	hypothetical_protein.pdb
  3512	hypothetical_protein.pdb
  3513	hypothetical_protein.pdb
  3514	hypothetical_protein.pdb
  3515	hypothetical_protein.pdb
  3517	hypothetical_protein.pdb
  3520	hypothetical_protein.pdb
  3521	hypothetical_protein.pdb
  3529	hypothetical_protein.pdb
  3530	hypothetical_protein.pdb
  3531	hypothetical_protein.pdb
  3537	hypothetical_protein.pdb
  3539	hypothetical_protein.pdb
  3542	hypothetical_protein.pdb
  3543	hypothetical_protein.pdb
  3545	hypothetical_protein.pdb
  3546	hypothetical_protein.pdb
  3547	hypothetical_protein.pdb
  3548	hypothetical_protein.pdb
  3549	hypothetical_protein.pdb
  3550	hypothetical_protein.pdb
  3551	hypothetical_protein.pdb
  3552	hypothetical_protein.pdb
  3557	hypothetical_protein.pdb
  3558	hypothetical_protein.pdb
  3564	hypothetical_protein.pdb
  3566	hypothetical_protein.pdb
  3567	hypothetical_protein.pdb
  3569	hypothetical_protein.pdb
  3570	hypothetical_protein.pdb
  3573	hypothetical_protein.pdb
  3575	hypothetical_protein.pdb
  3576	hypothetical_protein.pdb
  3577	hypothetical_protein.pdb
  3578	hypothetical_protein.pdb
  3579	hypothetical_protein.pdb
  3580	hypothetical_protein.pdb
  3581	hypothetical_protein.pdb
  3582	hypothetical_protein.pdb
  3583	hypothetical_protein.pdb
  3584	hypothetical_protein.pdb
  3585	hypothetical_protein.pdb
  3587	hypothetical_protein.pdb
  3588	hypothetical_protein.pdb
  3589	hypothetical_protein.pdb
  3590	hypothetical_protein.pdb
  3591	hypothetical_protein.pdb
  3592	hypothetical_protein.pdb
  3593	hypothetical_protein.pdb
  3594	hypothetical_protein.pdb
  3595	hypothetical_protein.pdb
  3596	hypothetical_protein.pdb
  3597	hypothetical_protein.pdb
  3600	hypothetical_protein.pdb
  3601	hypothetical_protein.pdb
  3602	hypothetical_protein.pdb
  3603	hypothetical_protein.pdb
  3604	hypothetical_protein.pdb
  3605	hypothetical_protein.pdb
  3606	hypothetical_protein.pdb
  3607	hypothetical_protein.pdb
  3608	hypothetical_protein.pdb
  3609	hypothetical_protein.pdb
  3610	hypothetical_protein.pdb
  3613	hypothetical_protein.pdb
  3616	hypothetical_protein.pdb
  3617	hypothetical_protein.pdb
  3618	hypothetical_protein.pdb
  3621	hypothetical_protein.pdb
  3622	hypothetical_protein.pdb
  3623	hypothetical_protein.pdb
  3625	hypothetical_protein.pdb
  3627	hypothetical_protein.pdb
  3628	hypothetical_protein.pdb
  3629	hypothetical_protein.pdb
  3630	hypothetical_protein.pdb
  3632	hypothetical_protein.pdb
  3633	hypothetical_protein.pdb
  3634	hypothetical_protein.pdb
  3636	hypothetical_protein.pdb
  3640	hypothetical_protein.pdb
  3641	hypothetical_protein.pdb
  3642	hypothetical_protein.pdb
  3645	hypothetical_protein.pdb
  3646	hypothetical_protein.pdb
  3647	hypothetical_protein.pdb
  3649	hypothetical_protein.pdb
  3650	hypothetical_protein.pdb
  3652	hypothetical_protein.pdb
  3655	hypothetical_protein.pdb
  3656	hypothetical_protein.pdb
  3659	hypothetical_protein.pdb
  3662	hypothetical_protein.pdb
  3663	hypothetical_protein.pdb
  3666	hypothetical_protein.pdb
  3667	hypothetical_protein.pdb
  3668	hypothetical_protein.pdb
  3669	hypothetical_protein.pdb
  3673	hypothetical_protein.pdb
  3674	hypothetical_protein.pdb
  3676	hypothetical_protein.pdb
  3677	hypothetical_protein.pdb
  3678	hypothetical_protein.pdb
  3679	hypothetical_protein.pdb
  3681	hypothetical_protein.pdb
  3685	hypothetical_protein.pdb
  3686	hypothetical_protein.pdb
  3687	hypothetical_protein.pdb
  3688	hypothetical_protein.pdb
  3691	hypothetical_protein.pdb
  3692	hypothetical_protein.pdb
  3693	hypothetical_protein.pdb
  3694	hypothetical_protein.pdb
  3695	hypothetical_protein.pdb
  3696	hypothetical_protein.pdb
  3698	hypothetical_protein.pdb
  3699	hypothetical_protein.pdb
  3700	hypothetical_protein.pdb
  3702	hypothetical_protein.pdb
  3703	hypothetical_protein.pdb
  3704	hypothetical_protein.pdb
  3709	hypothetical_protein.pdb
  3711	hypothetical_protein.pdb
  3712	hypothetical_protein.pdb
  3714	hypothetical_protein.pdb
  3715	hypothetical_protein.pdb
  3716	hypothetical_protein.pdb
  3717	hypothetical_protein.pdb
  3719	hypothetical_protein.pdb
  3720	hypothetical_protein.pdb
  3724	hypothetical_protein.pdb
  3727	hypothetical_protein.pdb
  3728	hypothetical_protein.pdb
  3731	hypothetical_protein.pdb
  3733	hypothetical_protein.pdb
  3734	hypothetical_protein.pdb
  3739	hypothetical_protein.pdb
  3740	hypothetical_protein.pdb
  3741	hypothetical_protein.pdb
  3742	hypothetical_protein.pdb
  3743	hypothetical_protein.pdb
  3744	hypothetical_protein.pdb
  3747	hypothetical_protein.pdb
  3748	hypothetical_protein.pdb
  3750	hypothetical_protein.pdb
  3751	hypothetical_protein.pdb
  3752	hypothetical_protein.pdb
  3753	hypothetical_protein.pdb
  3754	hypothetical_protein.pdb
  3755	hypothetical_protein.pdb
  3756	hypothetical_protein.pdb
  3757	hypothetical_protein.pdb
  3758	hypothetical_protein.pdb
  3760	hypothetical_protein.pdb
  3761	hypothetical_protein.pdb
  3762	hypothetical_protein.pdb
  3763	hypothetical_protein.pdb
  3764	hypothetical_protein.pdb
  3765	hypothetical_protein.pdb
  3766	hypothetical_protein.pdb
  3767	hypothetical_protein.pdb
  3768	hypothetical_protein.pdb
  3769	hypothetical_protein.pdb
  3770	hypothetical_protein.pdb
  3771	hypothetical_protein.pdb
  3772	hypothetical_protein.pdb
  3774	hypothetical_protein.pdb
  3777	hypothetical_protein.pdb
  3778	hypothetical_protein.pdb
  3779	hypothetical_protein.pdb
  3780	hypothetical_protein.pdb
  3781	hypothetical_protein.pdb
  3784	hypothetical_protein.pdb
  3786	hypothetical_protein.pdb
  3787	hypothetical_protein.pdb
  3788	hypothetical_protein.pdb
  3789	hypothetical_protein.pdb
  3790	hypothetical_protein.pdb
  3793	hypothetical_protein.pdb
  3796	hypothetical_protein.pdb
  3799	hypothetical_protein.pdb
  3801	hypothetical_protein.pdb
  3803	hypothetical_protein.pdb
  3804	hypothetical_protein.pdb
  3805	hypothetical_protein.pdb
  3806	hypothetical_protein.pdb
  3813	hypothetical_protein.pdb
  3816	hypothetical_protein.pdb
  3817	hypothetical_protein.pdb
  3818	hypothetical_protein.pdb
  3819	hypothetical_protein.pdb
  3821	hypothetical_protein.pdb
  3822	hypothetical_protein.pdb
  3824	hypothetical_protein.pdb
  3826	hypothetical_protein.pdb
  3827	hypothetical_protein.pdb
  3828	hypothetical_protein.pdb
  3830	hypothetical_protein.pdb
  3832	hypothetical_protein.pdb
  3833	hypothetical_protein.pdb
  3834	hypothetical_protein.pdb
  3835	hypothetical_protein.pdb
  3836	hypothetical_protein.pdb
  3837	hypothetical_protein.pdb
  3838	hypothetical_protein.pdb
  3839	hypothetical_protein.pdb
  3840	hypothetical_protein.pdb
  3848	hypothetical_protein.pdb
  3853	hypothetical_protein.pdb
  3855	hypothetical_protein.pdb
  3856	hypothetical_protein.pdb
  3857	hypothetical_protein.pdb
  3858	hypothetical_protein.pdb
  3860	hypothetical_protein.pdb
  3861	hypothetical_protein.pdb
  3862	hypothetical_protein.pdb
  3863	hypothetical_protein.pdb
  3866	hypothetical_protein.pdb
  3867	hypothetical_protein.pdb
  3868	hypothetical_protein.pdb
  3869	hypothetical_protein.pdb
  3870	hypothetical_protein.pdb
  3871	hypothetical_protein.pdb
  3872	hypothetical_protein.pdb
  3873	hypothetical_protein.pdb
  3875	hypothetical_protein.pdb
  3876	hypothetical_protein.pdb
  3877	hypothetical_protein.pdb
  3878	hypothetical_protein.pdb
  3879	hypothetical_protein.pdb
  3880	hypothetical_protein.pdb
  3881	hypothetical_protein.pdb
  3882	hypothetical_protein.pdb
  3885	hypothetical_protein.pdb
  3886	hypothetical_protein.pdb
  3887	hypothetical_protein.pdb
  3889	hypothetical_protein.pdb
  3890	hypothetical_protein.pdb
  3891	hypothetical_protein.pdb
  3892	hypothetical_protein.pdb
  3893	hypothetical_protein.pdb
  3894	hypothetical_protein.pdb
  3895	hypothetical_protein.pdb
  3896	hypothetical_protein.pdb
  3900	hypothetical_protein.pdb
  3902	hypothetical_protein.pdb
  3904	hypothetical_protein.pdb
  3905	hypothetical_protein.pdb
  3906	hypothetical_protein.pdb
  3907	hypothetical_protein.pdb
  3908	hypothetical_protein.pdb
  3909	hypothetical_protein.pdb
  3910	hypothetical_protein.pdb
  3912	hypothetical_protein.pdb
  3916	hypothetical_protein.pdb
  3917	hypothetical_protein.pdb
  3918	hypothetical_protein.pdb
  3919	hypothetical_protein.pdb
  3923	hypothetical_protein.pdb
  3924	hypothetical_protein.pdb
  3926	hypothetical_protein.pdb
  3927	hypothetical_protein.pdb
  3928	hypothetical_protein.pdb
  3929	hypothetical_protein.pdb
  3930	hypothetical_protein.pdb
  3935	hypothetical_protein.pdb
  3936	hypothetical_protein.pdb
  3938	hypothetical_protein.pdb
  3939	hypothetical_protein.pdb
  3940	hypothetical_protein.pdb
  3941	hypothetical_protein.pdb
  3942	hypothetical_protein.pdb
  3944	hypothetical_protein.pdb
  3945	hypothetical_protein.pdb
  3946	hypothetical_protein.pdb
  3947	hypothetical_protein.pdb
  3948	hypothetical_protein.pdb
  3950	hypothetical_protein.pdb
  3951	hypothetical_protein.pdb
  3952	hypothetical_protein.pdb
  3953	hypothetical_protein.pdb
  3954	hypothetical_protein.pdb
  3956	hypothetical_protein.pdb
  3957	hypothetical_protein.pdb
  3960	hypothetical_protein.pdb
  3961	hypothetical_protein.pdb
  3964	hypothetical_protein.pdb
  3965	hypothetical_protein.pdb
  3966	hypothetical_protein.pdb
  3967	hypothetical_protein.pdb
  3968	hypothetical_protein.pdb
  3969	hypothetical_protein.pdb
  3970	hypothetical_protein.pdb
  3974	hypothetical_protein.pdb
  3975	hypothetical_protein.pdb
  3978	hypothetical_protein.pdb
  3979	hypothetical_protein.pdb
  3981	hypothetical_protein.pdb
  3982	hypothetical_protein.pdb
  3983	hypothetical_protein.pdb
  3985	hypothetical_protein.pdb
  3986	hypothetical_protein.pdb
  3987	hypothetical_protein.pdb
  3988	hypothetical_protein.pdb
  3989	hypothetical_protein.pdb
  3990	hypothetical_protein.pdb
  3991	hypothetical_protein.pdb
  3992	hypothetical_protein.pdb
  3993	hypothetical_protein.pdb
  3994	hypothetical_protein.pdb
  3995	hypothetical_protein.pdb
  3996	hypothetical_protein.pdb
  3997	hypothetical_protein.pdb
  3998	hypothetical_protein.pdb
  3999	hypothetical_protein.pdb
  4001	hypothetical_protein.pdb
  4002	hypothetical_protein.pdb
  4004	hypothetical_protein.pdb
  4006	hypothetical_protein.pdb
  4007	hypothetical_protein.pdb
  4008	hypothetical_protein.pdb
  4009	hypothetical_protein.pdb
  4011	hypothetical_protein.pdb
  4012	hypothetical_protein.pdb
  4014	hypothetical_protein.pdb
  4015	hypothetical_protein.pdb
  4016	hypothetical_protein.pdb
  4017	hypothetical_protein.pdb
  4021	hypothetical_protein.pdb
  4023	hypothetical_protein.pdb
  4024	hypothetical_protein.pdb
  4027	hypothetical_protein.pdb
  4028	hypothetical_protein.pdb
  4030	hypothetical_protein.pdb
  4031	hypothetical_protein.pdb
  4032	hypothetical_protein.pdb
  4034	hypothetical_protein.pdb
  4035	hypothetical_protein.pdb
  4036	hypothetical_protein.pdb
  4037	hypothetical_protein.pdb
  4038	hypothetical_protein.pdb
  4039	hypothetical_protein.pdb
  4040	hypothetical_protein.pdb
  4041	hypothetical_protein.pdb
  4042	hypothetical_protein.pdb
  4043	hypothetical_protein.pdb
  4046	hypothetical_protein.pdb
  4050	hypothetical_protein.pdb
  4051	hypothetical_protein.pdb
  4052	hypothetical_protein.pdb
  4054	hypothetical_protein.pdb
  4055	hypothetical_protein.pdb
  4056	hypothetical_protein.pdb
  4061	hypothetical_protein.pdb
  4063	hypothetical_protein.pdb
  4064	hypothetical_protein.pdb
  4065	hypothetical_protein.pdb
  4068	hypothetical_protein.pdb
  4070	hypothetical_protein.pdb
  4071	hypothetical_protein.pdb
  4072	hypothetical_protein.pdb
  4074	hypothetical_protein.pdb
  4076	hypothetical_protein.pdb
  4078	hypothetical_protein.pdb
  4080	hypothetical_protein.pdb
  4081	hypothetical_protein.pdb
  4082	hypothetical_protein.pdb
  4084	hypothetical_protein.pdb
  4086	hypothetical_protein.pdb
  4089	hypothetical_protein.pdb
  4092	hypothetical_protein.pdb
  4093	hypothetical_protein.pdb
  4094	hypothetical_protein.pdb
  4095	hypothetical_protein.pdb
  4098	hypothetical_protein.pdb
  4099	hypothetical_protein.pdb
  4100	hypothetical_protein.pdb
  4101	hypothetical_protein.pdb
  4102	hypothetical_protein.pdb
  4103	hypothetical_protein.pdb
  4104	hypothetical_protein.pdb
  4105	hypothetical_protein.pdb
  4107	hypothetical_protein.pdb
  4108	hypothetical_protein.pdb
  4109	hypothetical_protein.pdb
  4110	hypothetical_protein.pdb
  4111	hypothetical_protein.pdb
  4117	hypothetical_protein.pdb
  4118	hypothetical_protein.pdb
  4120	hypothetical_protein.pdb
  4122	hypothetical_protein.pdb
  4124	hypothetical_protein.pdb
  4126	hypothetical_protein.pdb
  4127	hypothetical_protein.pdb
  4128	hypothetical_protein.pdb
  4129	hypothetical_protein.pdb
  4131	hypothetical_protein.pdb
  4133	hypothetical_protein.pdb
  4134	hypothetical_protein.pdb
  4135	hypothetical_protein.pdb
  4136	hypothetical_protein.pdb
  4138	hypothetical_protein.pdb
  4139	hypothetical_protein.pdb
  4142	hypothetical_protein.pdb
  4143	hypothetical_protein.pdb
  4147	hypothetical_protein.pdb
  4148	hypothetical_protein.pdb
  4151	hypothetical_protein.pdb
  4152	hypothetical_protein.pdb
  4153	hypothetical_protein.pdb
  4154	hypothetical_protein.pdb
  4155	hypothetical_protein.pdb
  4156	hypothetical_protein.pdb
  4157	hypothetical_protein.pdb
  4159	hypothetical_protein.pdb
  4160	hypothetical_protein.pdb
  4161	hypothetical_protein.pdb
  4164	hypothetical_protein.pdb
  4165	hypothetical_protein.pdb
  4166	hypothetical_protein.pdb
  4167	hypothetical_protein.pdb
  4168	hypothetical_protein.pdb
  4173	hypothetical_protein.pdb
  4174	hypothetical_protein.pdb
  4177	hypothetical_protein.pdb
  4178	hypothetical_protein.pdb
  4179	hypothetical_protein.pdb
  4181	hypothetical_protein.pdb
  4182	hypothetical_protein.pdb
  4186	hypothetical_protein.pdb
  4189	hypothetical_protein.pdb
  4190	hypothetical_protein.pdb
  4191	hypothetical_protein.pdb
  4193	hypothetical_protein.pdb
  4194	hypothetical_protein.pdb
  4195	hypothetical_protein.pdb
  4196	hypothetical_protein.pdb
  4197	hypothetical_protein.pdb
  4200	hypothetical_protein.pdb
  4201	hypothetical_protein.pdb
  4202	hypothetical_protein.pdb
  4206	hypothetical_protein.pdb
  4208	hypothetical_protein.pdb
  4210	hypothetical_protein.pdb
  4211	hypothetical_protein.pdb
  4213	hypothetical_protein.pdb
  4214	hypothetical_protein.pdb
  4216	hypothetical_protein.pdb
  4218	hypothetical_protein.pdb
  4222	hypothetical_protein.pdb
  4227	hypothetical_protein.pdb
  4228	hypothetical_protein.pdb
  4229	hypothetical_protein.pdb
  4231	hypothetical_protein.pdb
  4232	hypothetical_protein.pdb
  4233	hypothetical_protein.pdb
  4234	hypothetical_protein.pdb
  4235	hypothetical_protein.pdb
  4236	hypothetical_protein.pdb
  4237	hypothetical_protein.pdb
  4238	hypothetical_protein.pdb
  4239	hypothetical_protein.pdb
  4240	hypothetical_protein.pdb
  4241	hypothetical_protein.pdb
  4242	hypothetical_protein.pdb
  4245	hypothetical_protein.pdb
  4246	hypothetical_protein.pdb
  4247	hypothetical_protein.pdb
  4249	hypothetical_protein.pdb
  4251	hypothetical_protein.pdb
  4252	hypothetical_protein.pdb
  4253	hypothetical_protein.pdb
  4254	hypothetical_protein.pdb
  4255	hypothetical_protein.pdb
  4256	hypothetical_protein.pdb
  4257	hypothetical_protein.pdb
  4259	hypothetical_protein.pdb
  4260	hypothetical_protein.pdb
  4263	hypothetical_protein.pdb
  4264	hypothetical_protein.pdb
  4265	hypothetical_protein.pdb
  4268	hypothetical_protein.pdb
  4269	hypothetical_protein.pdb
  4270	hypothetical_protein.pdb
  4273	hypothetical_protein.pdb
  4275	hypothetical_protein.pdb
  4276	hypothetical_protein.pdb
  4278	hypothetical_protein.pdb
  4279	hypothetical_protein.pdb
  4281	hypothetical_protein.pdb
  4282	hypothetical_protein.pdb
  4283	hypothetical_protein.pdb
  4284	hypothetical_protein.pdb
  4285	hypothetical_protein.pdb
  4288	hypothetical_protein.pdb
  4290	hypothetical_protein.pdb
  4291	hypothetical_protein.pdb
  4293	hypothetical_protein.pdb
  4294	hypothetical_protein.pdb
  4295	hypothetical_protein.pdb
  4296	hypothetical_protein.pdb
  4297	hypothetical_protein.pdb
  4298	hypothetical_protein.pdb
  4299	hypothetical_protein.pdb
  4300	hypothetical_protein.pdb
  4303	hypothetical_protein.pdb
  4308	hypothetical_protein.pdb
  4310	hypothetical_protein.pdb
  4311	hypothetical_protein.pdb
  4312	hypothetical_protein.pdb
  4314	hypothetical_protein.pdb
  4316	hypothetical_protein.pdb
  4319	hypothetical_protein.pdb
  4320	hypothetical_protein.pdb
  4322	hypothetical_protein.pdb
  4323	hypothetical_protein.pdb
  4324	hypothetical_protein.pdb
  4325	hypothetical_protein.pdb
  4326	hypothetical_protein.pdb
  4327	hypothetical_protein.pdb
  4328	hypothetical_protein.pdb
  4329	hypothetical_protein.pdb
  4330	hypothetical_protein.pdb
  4331	hypothetical_protein.pdb
  4332	hypothetical_protein.pdb
  4333	hypothetical_protein.pdb
  4334	hypothetical_protein.pdb
  4335	hypothetical_protein.pdb
  4336	hypothetical_protein.pdb
  4338	hypothetical_protein.pdb
  4340	hypothetical_protein.pdb
  4342	hypothetical_protein.pdb
  4343	hypothetical_protein.pdb
  4344	hypothetical_protein.pdb
  4346	hypothetical_protein.pdb
  4349	hypothetical_protein.pdb
  4351	hypothetical_protein.pdb
  4354	hypothetical_protein.pdb
  4359	hypothetical_protein.pdb
  4361	hypothetical_protein.pdb
  4362	hypothetical_protein.pdb
  4363	hypothetical_protein.pdb
  4364	hypothetical_protein.pdb
  4366	hypothetical_protein.pdb
  4368	hypothetical_protein.pdb
  4369	hypothetical_protein.pdb
  4370	hypothetical_protein.pdb
  4371	hypothetical_protein.pdb
  4372	hypothetical_protein.pdb
  4373	hypothetical_protein.pdb
  4374	hypothetical_protein.pdb
  4375	hypothetical_protein.pdb
  4376	hypothetical_protein.pdb
  4377	hypothetical_protein.pdb
  4380	hypothetical_protein.pdb
  4381	hypothetical_protein.pdb
  4382	hypothetical_protein.pdb
  4383	hypothetical_protein.pdb
  4384	hypothetical_protein.pdb
  4385	hypothetical_protein.pdb
  4387	hypothetical_protein.pdb
  4388	hypothetical_protein.pdb
  4389	hypothetical_protein.pdb
  4390	hypothetical_protein.pdb
  4392	hypothetical_protein.pdb
  4393	hypothetical_protein.pdb
  4394	hypothetical_protein.pdb
  4395	hypothetical_protein.pdb
  4396	hypothetical_protein.pdb
  4401	hypothetical_protein.pdb
  4407	hypothetical_protein.pdb
  4413	hypothetical_protein.pdb
  4416	hypothetical_protein.pdb
  4417	hypothetical_protein.pdb
  4418	hypothetical_protein.pdb
  4419	hypothetical_protein.pdb
  4420	hypothetical_protein.pdb
  4421	hypothetical_protein.pdb
  4422	hypothetical_protein.pdb
  4423	hypothetical_protein.pdb
  4424	hypothetical_protein.pdb
  4425	hypothetical_protein.pdb
  4426	hypothetical_protein.pdb
  4427	hypothetical_protein.pdb
  4432	hypothetical_protein.pdb
  4438	hypothetical_protein.pdb
  4440	hypothetical_protein.pdb
  4444	hypothetical_protein.pdb
  4449	hypothetical_protein.pdb
  4450	hypothetical_protein.pdb
  4452	hypothetical_protein.pdb
  4455	hypothetical_protein.pdb
  4457	hypothetical_protein.pdb
  4458	hypothetical_protein.pdb
  4459	hypothetical_protein.pdb
  4460	hypothetical_protein.pdb
  4461	hypothetical_protein.pdb
  4463	hypothetical_protein.pdb
  4464	hypothetical_protein.pdb
  4465	hypothetical_protein.pdb
  4466	hypothetical_protein.pdb
  4467	hypothetical_protein.pdb
  4468	hypothetical_protein.pdb
  4469	hypothetical_protein.pdb
  4470	hypothetical_protein.pdb
  4471	hypothetical_protein.pdb
  4474	hypothetical_protein.pdb
  4477	hypothetical_protein.pdb
  4478	hypothetical_protein.pdb
  4479	hypothetical_protein.pdb
  4481	hypothetical_protein.pdb
  4482	hypothetical_protein.pdb
  4483	hypothetical_protein.pdb
  4486	hypothetical_protein.pdb
  4488	hypothetical_protein.pdb
  4490	hypothetical_protein.pdb
  4492	hypothetical_protein.pdb
  4493	hypothetical_protein.pdb
  4496	hypothetical_protein.pdb
  4499	hypothetical_protein.pdb
  4500	hypothetical_protein.pdb
  4504	hypothetical_protein.pdb
  4505	hypothetical_protein.pdb
  4506	hypothetical_protein.pdb
  4508	hypothetical_protein.pdb
  4514	hypothetical_protein.pdb
  4515	hypothetical_protein.pdb
  4517	hypothetical_protein.pdb
  4520	hypothetical_protein.pdb
  4521	hypothetical_protein.pdb
  4522	hypothetical_protein.pdb
  4523	hypothetical_protein.pdb
  4524	hypothetical_protein.pdb
  4526	hypothetical_protein.pdb
  4528	hypothetical_protein.pdb
  4529	hypothetical_protein.pdb
  4530	hypothetical_protein.pdb
  4531	hypothetical_protein.pdb
  4532	hypothetical_protein.pdb
  4533	hypothetical_protein.pdb
  4534	hypothetical_protein.pdb
  4535	hypothetical_protein.pdb
  4537	hypothetical_protein.pdb
  4540	hypothetical_protein.pdb
  4541	hypothetical_protein.pdb
  4542	hypothetical_protein.pdb
  4543	hypothetical_protein.pdb
  4544	hypothetical_protein.pdb
