LOKIASV2_2311_ESMFold_hypothetical_protein	A0A481YTK2_unrelaxed_rank_001_alphafold2_ptm_model_2_seed_000.pdb	A0A481YTK2_unrelaxed_rank_001_alphafold2_ptm_model_2_seed_000.pdb	1.585E-24	1.000	495	45	502	504	123	585	726	488	0.909	0.638
LOKIASV2_2311_ESMFold_hypothetical_protein	A0A481YRW5_unrelaxed_rank_001_alphafold2_ptm_model_3_seed_000.pdb	A0A481YRW5_unrelaxed_rank_001_alphafold2_ptm_model_3_seed_000.pdb	7.500E-21	1.000	476	110	499	504	3	390	552	406	0.774	0.703
LOKIASV2_2311_ESMFold_hypothetical_protein	A0A1V0SGX0_unrelaxed_rank_001_alphafold2_ptm_model_2_seed_000.pdb	A0A1V0SGX0_unrelaxed_rank_001_alphafold2_ptm_model_2_seed_000.pdb	2.650E-22	1.000	453	40	501	504	157	583	1186	488	0.917	0.360
LOKIASV2_2311_ESMFold_hypothetical_protein	A0A3G5A8R7_unrelaxed_rank_001_alphafold2_ptm_model_3_seed_000.pdb	A0A3G5A8R7_unrelaxed_rank_001_alphafold2_ptm_model_3_seed_000.pdb	6.784E-22	1.000	446	2	500	504	1	634	637	670	0.990	0.995
LOKIASV2_2311_ESMFold_hypothetical_protein	A0A5K0UA58_unrelaxed_rank_001_alphafold2_ptm_model_2_seed_000.pdb	A0A5K0UA58_unrelaxed_rank_001_alphafold2_ptm_model_2_seed_000.pdb	2.227E-18	1.000	439	148	500	504	793	1143	1147	384	0.700	0.306
LOKIASV2_2311_ESMFold_hypothetical_protein	A0A3G5AHF6_unrelaxed_rank_001_alphafold2_ptm_model_2_seed_000.pdb	A0A3G5AHF6_unrelaxed_rank_001_alphafold2_ptm_model_2_seed_000.pdb	1.830E-21	1.000	430	85	502	504	210	781	793	579	0.829	0.721
LOKIASV2_2311_ESMFold_hypothetical_protein	Q8QKW6_unrelaxed_rank_001_alphafold2_ptm_model_4_seed_000.pdb	Q8QKW6_unrelaxed_rank_001_alphafold2_ptm_model_4_seed_000.pdb	1.129E-18	1.000	424	91	504	504	150	571	573	443	0.821	0.736
LOKIASV2_2311_ESMFold_hypothetical_protein	Q6XLU9_unrelaxed_rank_001_alphafold2_ptm_model_3_seed_000.pdb	Q6XLU9_unrelaxed_rank_001_alphafold2_ptm_model_3_seed_000.pdb	4.204E-20	1.000	421	4	499	504	308	922	923	644	0.984	0.666
LOKIASV2_2311_ESMFold_hypothetical_protein	Q8QNA6_unrelaxed_rank_001_alphafold2_ptm_model_3_seed_000.pdb	Q8QNA6_unrelaxed_rank_001_alphafold2_ptm_model_3_seed_000.pdb	2.892E-18	1.000	407	6	503	504	320	931	933	645	0.988	0.656
LOKIASV2_2311_ESMFold_hypothetical_protein	Q8QKV7_unrelaxed_rank_001_alphafold2_ptm_model_2_seed_000.pdb	Q8QKV7_unrelaxed_rank_001_alphafold2_ptm_model_2_seed_000.pdb	1.139E-20	1.000	389	21	503	504	162	760	767	627	0.958	0.781
LOKIASV2_2311_ESMFold_hypothetical_protein	Q6XM27_unrelaxed_rank_001_alphafold2_ptm_model_3_seed_000.pdb	Q6XM27_unrelaxed_rank_001_alphafold2_ptm_model_3_seed_000.pdb	4.855E-17	1.000	376	116	492	504	18	423	447	424	0.748	0.908
LOKIASV2_2311_ESMFold_hypothetical_protein	Q6XLV6_unrelaxed_rank_001_alphafold2_ptm_model_5_seed_000.pdb	Q6XLV6_unrelaxed_rank_001_alphafold2_ptm_model_5_seed_000.pdb	3.047E-18	1.000	362	31	499	504	160	581	582	494	0.931	0.725
LOKIASV2_2311_ESMFold_hypothetical_protein	Q8QNA2_unrelaxed_rank_001_alphafold2_ptm_model_3_seed_000.pdb	Q8QNA2_unrelaxed_rank_001_alphafold2_ptm_model_3_seed_000.pdb	1.532E-16	1.000	350	95	501	504	277	672	680	440	0.808	0.582
LOKIASV2_2311_ESMFold_hypothetical_protein	A0A1V0SGR3_unrelaxed_rank_001_alphafold2_ptm_model_5_seed_000.pdb	A0A1V0SGR3_unrelaxed_rank_001_alphafold2_ptm_model_5_seed_000.pdb	4.531E-13	1.000	337	84	357	504	105	392	397	305	0.544	0.725
LOKIASV2_2311_ESMFold_hypothetical_protein	A0A3G5AHK0_unrelaxed_rank_001_alphafold2_ptm_model_3_seed_000.pdb	A0A3G5AHK0_unrelaxed_rank_001_alphafold2_ptm_model_3_seed_000.pdb	3.723E-16	1.000	332	85	500	504	303	1117	1125	820	0.825	0.724
LOKIASV2_2311_ESMFold_hypothetical_protein	A0A3G4ZXL8_unrelaxed_rank_001_alphafold2_ptm_model_3_seed_000.pdb	A0A3G4ZXL8_unrelaxed_rank_001_alphafold2_ptm_model_3_seed_000.pdb	1.777E-14	1.000	328	28	364	504	237	624	644	406	0.669	0.602
LOKIASV2_2311_ESMFold_hypothetical_protein	A0A6J5LDC5_unrelaxed_rank_001_alphafold2_ptm_model_3_seed_000.pdb	A0A6J5LDC5_unrelaxed_rank_001_alphafold2_ptm_model_3_seed_000.pdb	9.414E-13	1.000	313	85	359	504	410	760	760	369	0.546	0.462
LOKIASV2_2311_ESMFold_hypothetical_protein	Q8QKY1_unrelaxed_rank_001_alphafold2_ptm_model_5_seed_000.pdb	Q8QKY1_unrelaxed_rank_001_alphafold2_ptm_model_5_seed_000.pdb	5.631E-15	1.000	300	123	503	504	22	445	461	449	0.756	0.920
LOKIASV2_2311_ESMFold_hypothetical_protein	A0A1B1IUJ1_unrelaxed_rank_001_alphafold2_ptm_model_5_seed_000.pdb	A0A1B1IUJ1_unrelaxed_rank_001_alphafold2_ptm_model_5_seed_000.pdb	3.104E-10	1.000	263	89	360	504	88	369	371	300	0.540	0.760
LOKIASV2_2311_ESMFold_hypothetical_protein	A0A6J7X1G6_unrelaxed_rank_001_alphafold2_ptm_model_1_seed_000.pdb	A0A6J7X1G6_unrelaxed_rank_001_alphafold2_ptm_model_1_seed_000.pdb	6.794E-10	1.000	255	86	365	504	102	396	397	316	0.556	0.743
LOKIASV2_2311_ESMFold_hypothetical_protein	A0A6N1NXC3_unrelaxed_rank_001_alphafold2_ptm_model_1_seed_000.pdb	A0A6N1NXC3_unrelaxed_rank_001_alphafold2_ptm_model_1_seed_000.pdb	2.230E-06	1.000	245	359	501	504	34	172	174	146	0.284	0.799
LOKIASV2_2311_ESMFold_hypothetical_protein	A0A516LRC2_unrelaxed_rank_001_alphafold2_ptm_model_1_seed_000.pdb	A0A516LRC2_unrelaxed_rank_001_alphafold2_ptm_model_1_seed_000.pdb	2.884E-05	1.000	243	384	501	504	2	119	153	120	0.234	0.771
LOKIASV2_2311_ESMFold_hypothetical_protein	A0A7D3QUH3_unrelaxed_rank_001_alphafold2_ptm_model_1_seed_000.pdb	A0A7D3QUH3_unrelaxed_rank_001_alphafold2_ptm_model_1_seed_000.pdb	5.420E-06	1.000	239	360	499	504	67	205	206	142	0.278	0.675
LOKIASV2_2311_ESMFold_hypothetical_protein	A0A1V0SGR9_unrelaxed_rank_001_alphafold2_ptm_model_1_seed_000.pdb	A0A1V0SGR9_unrelaxed_rank_001_alphafold2_ptm_model_1_seed_000.pdb	6.313E-05	1.000	238	384	500	504	3	120	122	119	0.232	0.967
LOKIASV2_2311_ESMFold_hypothetical_protein	A0A8S5LY51_unrelaxed_rank_001_alphafold2_ptm_model_1_seed_000.pdb	A0A8S5LY51_unrelaxed_rank_001_alphafold2_ptm_model_1_seed_000.pdb	7.009E-05	1.000	234	385	503	504	2	119	298	121	0.236	0.396
LOKIASV2_2311_ESMFold_hypothetical_protein	A0A1V0SKI5_unrelaxed_rank_001_alphafold2_ptm_model_1_seed_000.pdb	A0A1V0SKI5_unrelaxed_rank_001_alphafold2_ptm_model_1_seed_000.pdb	1.462E-05	1.000	220	359	499	504	54	191	192	142	0.280	0.719
LOKIASV2_2311_ESMFold_hypothetical_protein	A0A6J7WWP8_unrelaxed_rank_001_alphafold2_ptm_model_5_seed_000.pdb	A0A6J7WWP8_unrelaxed_rank_001_alphafold2_ptm_model_5_seed_000.pdb	2.117E-06	1.000	206	320	504	504	53	227	227	202	0.367	0.771
LOKIASV2_2311_ESMFold_hypothetical_protein	A0A6C0R1B8_unrelaxed_rank_001_alphafold2_ptm_model_1_seed_000.pdb	A0A6C0R1B8_unrelaxed_rank_001_alphafold2_ptm_model_1_seed_000.pdb	1.064E-04	1.000	202	385	503	504	2	127	149	127	0.236	0.846
LOKIASV2_2311_ESMFold_hypothetical_protein	A0A1J0GWE0_unrelaxed_rank_001_alphafold2_ptm_model_1_seed_000.pdb	A0A1J0GWE0_unrelaxed_rank_001_alphafold2_ptm_model_1_seed_000.pdb	1.240E-03	1.000	172	390	501	504	2	112	125	114	0.222	0.888
LOKIASV2_2311_ESMFold_hypothetical_protein	A0A8S5T1F5_unrelaxed_rank_001_alphafold2_ptm_model_4_seed_000.pdb	A0A8S5T1F5_unrelaxed_rank_001_alphafold2_ptm_model_4_seed_000.pdb	6.979E-04	1.000	171	385	502	504	2	119	198	121	0.234	0.596
LOKIASV2_2311_ESMFold_hypothetical_protein	A0A3G4ZV51_unrelaxed_rank_001_alphafold2_ptm_model_3_seed_000.pdb	A0A3G4ZV51_unrelaxed_rank_001_alphafold2_ptm_model_3_seed_000.pdb	6.313E-05	1.000	167	254	357	504	2	110	116	112	0.206	0.940
LOKIASV2_2311_ESMFold_hypothetical_protein	A0A3G4ZRZ1_unrelaxed_rank_001_alphafold2_ptm_model_1_seed_000.pdb	A0A3G4ZRZ1_unrelaxed_rank_001_alphafold2_ptm_model_1_seed_000.pdb	4.417E-07	1.000	162	45	333	504	70	313	315	307	0.573	0.775
LOKIASV2_2311_ESMFold_hypothetical_protein	A0A514D869_unrelaxed_rank_001_alphafold2_ptm_model_3_seed_000.pdb	A0A514D869_unrelaxed_rank_001_alphafold2_ptm_model_3_seed_000.pdb	2.445E-03	1.000	140	360	486	504	427	573	574	150	0.252	0.256
LOKIASV2_2311_ESMFold_hypothetical_protein	A0A8D9FRZ3_unrelaxed_rank_001_alphafold2_ptm_model_3_seed_000.pdb	A0A8D9FRZ3_unrelaxed_rank_001_alphafold2_ptm_model_3_seed_000.pdb	3.569E-06	1.000	134	87	356	504	48	370	372	345	0.536	0.868
LOKIASV2_2311_ESMFold_hypothetical_protein	A0A1X9VNV7_unrelaxed_rank_001_alphafold2_ptm_model_4_seed_000.pdb	A0A1X9VNV7_unrelaxed_rank_001_alphafold2_ptm_model_4_seed_000.pdb	1.899E-05	1.000	132	84	307	504	125	382	389	270	0.444	0.663
LOKIASV2_2311_ESMFold_hypothetical_protein	A0A1X9VNU6_unrelaxed_rank_001_alphafold2_ptm_model_4_seed_000.pdb	A0A1X9VNU6_unrelaxed_rank_001_alphafold2_ptm_model_4_seed_000.pdb	3.929E-04	0.998	95	63	287	504	96	284	295	234	0.446	0.641
LOKIASV2_2311_ESMFold_hypothetical_protein	A0A8S5M5S9_unrelaxed_rank_001_alphafold2_ptm_model_1_seed_000.pdb	A0A8S5M5S9_unrelaxed_rank_001_alphafold2_ptm_model_1_seed_000.pdb	2.565E-02	0.995	88	382	498	504	3	131	149	136	0.232	0.866
LOKIASV2_2311_ESMFold_hypothetical_protein	A0A7L7SH36_unrelaxed_rank_001_alphafold2_ptm_model_1_seed_000.pdb	A0A7L7SH36_unrelaxed_rank_001_alphafold2_ptm_model_1_seed_000.pdb	2.193E-02	0.994	87	384	502	504	3	144	145	147	0.236	0.979
LOKIASV2_2311_ESMFold_hypothetical_protein	A0A248SK44_unrelaxed_rank_001_alphafold2_ptm_model_1_seed_000.pdb	A0A248SK44_unrelaxed_rank_001_alphafold2_ptm_model_1_seed_000.pdb	8.094E-02	0.978	78	376	503	504	9	132	136	145	0.254	0.912
LOKIASV2_2311_ESMFold_hypothetical_protein	A0A6J5R861_unrelaxed_rank_001_alphafold2_ptm_model_2_seed_000.pdb	A0A6J5R861_unrelaxed_rank_001_alphafold2_ptm_model_2_seed_000.pdb	1.365E-01	0.912	68	369	474	504	2	113	613	117	0.210	0.183
LOKIASV2_2311_ESMFold_hypothetical_protein	A0A6M3TCD9_unrelaxed_rank_001_alphafold2_ptm_model_1_seed_000.pdb	A0A6M3TCD9_unrelaxed_rank_001_alphafold2_ptm_model_1_seed_000.pdb	2.554E-01	0.887	66	384	502	504	5	136	291	141	0.236	0.454
LOKIASV2_2311_ESMFold_hypothetical_protein	A0A8S5SCU2_unrelaxed_rank_001_alphafold2_ptm_model_2_seed_000.pdb	A0A8S5SCU2_unrelaxed_rank_001_alphafold2_ptm_model_2_seed_000.pdb	5.329E-02	0.720	58	205	355	504	5	119	126	158	0.300	0.913
LOKIASV2_2311_ESMFold_hypothetical_protein	M4QPV5_unrelaxed_rank_001_alphafold2_ptm_model_3_seed_000.pdb	M4QPV5_unrelaxed_rank_001_alphafold2_ptm_model_3_seed_000.pdb	6.920E-02	0.720	58	201	357	504	2	128	131	177	0.312	0.969
LOKIASV2_2311_ESMFold_hypothetical_protein	A0A3G5AG80_unrelaxed_rank_001_alphafold2_ptm_model_3_seed_000.pdb	A0A3G5AG80_unrelaxed_rank_001_alphafold2_ptm_model_3_seed_000.pdb	1.295E-01	0.601	54	24	219	504	210	409	424	220	0.389	0.472
LOKIASV2_2311_ESMFold_hypothetical_protein	A0A8S5U952_unrelaxed_rank_001_alphafold2_ptm_model_1_seed_000.pdb	A0A8S5U952_unrelaxed_rank_001_alphafold2_ptm_model_1_seed_000.pdb	5.058E-02	0.537	52	211	355	504	3	109	116	153	0.288	0.922
LOKIASV2_2311_ESMFold_hypothetical_protein	A0A8S5T0M2_unrelaxed_rank_001_alphafold2_ptm_model_3_seed_000.pdb	A0A8S5T0M2_unrelaxed_rank_001_alphafold2_ptm_model_3_seed_000.pdb	3.161E-02	0.505	51	206	357	504	14	140	147	168	0.302	0.864
LOKIASV2_2311_ESMFold_hypothetical_protein	H9NC89_unrelaxed_rank_001_alphafold2_ptm_model_5_seed_000.pdb	H9NC89_unrelaxed_rank_001_alphafold2_ptm_model_5_seed_000.pdb	5.037E-01	0.505	51	369	502	504	49	211	239	170	0.266	0.682
LOKIASV2_2311_ESMFold_hypothetical_protein	A0A6J5R5V4_unrelaxed_rank_001_alphafold2_ptm_model_2_seed_000.pdb	A0A6J5R5V4_unrelaxed_rank_001_alphafold2_ptm_model_2_seed_000.pdb	6.540E-01	0.473	50	187	272	504	5	90	106	90	0.171	0.811
LOKIASV2_2311_ESMFold_hypothetical_protein	A0A481ZG82_unrelaxed_rank_001_alphafold2_ptm_model_3_seed_000.pdb	A0A481ZG82_unrelaxed_rank_001_alphafold2_ptm_model_3_seed_000.pdb	2.835E-01	0.473	50	59	219	504	95	277	292	193	0.319	0.627
LOKIASV2_2311_ESMFold_hypothetical_protein	A0A481ZDA6_unrelaxed_rank_001_alphafold2_ptm_model_4_seed_000.pdb	A0A481ZDA6_unrelaxed_rank_001_alphafold2_ptm_model_4_seed_000.pdb	1.967E-01	0.442	49	27	220	504	20	219	227	222	0.385	0.881
LOKIASV2_2311_ESMFold_hypothetical_protein	A0A1V0SEL9_unrelaxed_rank_001_alphafold2_ptm_model_5_seed_000.pdb	A0A1V0SEL9_unrelaxed_rank_001_alphafold2_ptm_model_5_seed_000.pdb	5.037E-01	0.411	48	377	484	504	12	152	283	142	0.214	0.498
LOKIASV2_2311_ESMFold_hypothetical_protein	A0A3G5AJE1_unrelaxed_rank_001_alphafold2_ptm_model_1_seed_000.pdb	A0A3G5AJE1_unrelaxed_rank_001_alphafold2_ptm_model_1_seed_000.pdb	7.260E-01	0.411	48	359	484	504	257	382	593	134	0.250	0.212
LOKIASV2_2311_ESMFold_hypothetical_protein	A0A1B3B077_unrelaxed_rank_001_alphafold2_ptm_model_3_seed_000.pdb	A0A1B3B077_unrelaxed_rank_001_alphafold2_ptm_model_3_seed_000.pdb	4.087E-01	0.382	47	384	500	504	2	155	161	161	0.232	0.957
LOKIASV2_2311_ESMFold_hypothetical_protein	A0A4Y5FER0_unrelaxed_rank_001_alphafold2_ptm_model_3_seed_000.pdb	A0A4Y5FER0_unrelaxed_rank_001_alphafold2_ptm_model_3_seed_000.pdb	1.596E-01	0.382	47	245	375	504	27	153	234	144	0.260	0.543
LOKIASV2_2311_ESMFold_hypothetical_protein	A0A068EF41_unrelaxed_rank_001_alphafold2_ptm_model_5_seed_000.pdb	A0A068EF41_unrelaxed_rank_001_alphafold2_ptm_model_5_seed_000.pdb	4.537E-01	0.382	47	27	223	504	53	250	270	227	0.391	0.733
LOKIASV2_2311_ESMFold_hypothetical_protein	A0A1U9ZA67_unrelaxed_rank_001_alphafold2_ptm_model_3_seed_000.pdb	A0A1U9ZA67_unrelaxed_rank_001_alphafold2_ptm_model_3_seed_000.pdb	2.073E-01	0.353	46	204	357	504	1	127	134	169	0.306	0.948
LOKIASV2_2311_ESMFold_hypothetical_protein	A0A8D4GMA3_unrelaxed_rank_001_alphafold2_ptm_model_3_seed_000.pdb	A0A8D4GMA3_unrelaxed_rank_001_alphafold2_ptm_model_3_seed_000.pdb	8.094E-02	0.353	46	241	504	504	72	271	271	276	0.524	0.738
LOKIASV2_2311_ESMFold_hypothetical_protein	A0A514U192_unrelaxed_rank_001_alphafold2_ptm_model_1_seed_000.pdb	A0A514U192_unrelaxed_rank_001_alphafold2_ptm_model_1_seed_000.pdb	5.866E+00	0.326	45	121	190	504	2	76	80	75	0.139	0.938
LOKIASV2_2311_ESMFold_hypothetical_protein	A0A8S5MLY2_unrelaxed_rank_001_alphafold2_ptm_model_2_seed_000.pdb	A0A8S5MLY2_unrelaxed_rank_001_alphafold2_ptm_model_2_seed_000.pdb	3.148E-01	0.301	44	245	357	504	6	108	123	127	0.224	0.837
LOKIASV2_2311_ESMFold_hypothetical_protein	A0A384WJJ1_unrelaxed_rank_001_alphafold2_ptm_model_1_seed_000.pdb	A0A384WJJ1_unrelaxed_rank_001_alphafold2_ptm_model_1_seed_000.pdb	1.867E-01	0.301	44	207	357	504	7	135	138	166	0.300	0.935
LOKIASV2_2311_ESMFold_hypothetical_protein	A0A6J5SMB6_unrelaxed_rank_001_alphafold2_ptm_model_1_seed_000.pdb	A0A6J5SMB6_unrelaxed_rank_001_alphafold2_ptm_model_1_seed_000.pdb	1.515E-01	0.301	44	205	357	504	6	141	151	179	0.304	0.901
LOKIASV2_2311_ESMFold_hypothetical_protein	A0A3G5AHH3_unrelaxed_rank_001_alphafold2_ptm_model_2_seed_000.pdb	A0A3G5AHH3_unrelaxed_rank_001_alphafold2_ptm_model_2_seed_000.pdb	2.691E-01	0.301	44	252	375	504	40	188	194	159	0.246	0.768
LOKIASV2_2311_ESMFold_hypothetical_protein	A0A4D5XFE8_unrelaxed_rank_001_alphafold2_ptm_model_1_seed_000.pdb	A0A4D5XFE8_unrelaxed_rank_001_alphafold2_ptm_model_1_seed_000.pdb	7.260E-01	0.301	44	69	218	504	326	502	508	183	0.298	0.348
LOKIASV2_2311_ESMFold_hypothetical_protein	A0A481Z6L1_unrelaxed_rank_001_alphafold2_ptm_model_3_seed_000.pdb	A0A481Z6L1_unrelaxed_rank_001_alphafold2_ptm_model_3_seed_000.pdb	5.307E-01	0.277	43	24	219	504	167	370	397	228	0.389	0.514
LOKIASV2_2311_ESMFold_hypothetical_protein	A0A516KXV5_unrelaxed_rank_001_alphafold2_ptm_model_3_seed_000.pdb	A0A516KXV5_unrelaxed_rank_001_alphafold2_ptm_model_3_seed_000.pdb	5.037E-01	0.233	41	205	364	504	6	155	160	186	0.317	0.938
LOKIASV2_2311_ESMFold_hypothetical_protein	Q6VT75_unrelaxed_rank_001_alphafold2_ptm_model_2_seed_000.pdb	Q6VT75_unrelaxed_rank_001_alphafold2_ptm_model_2_seed_000.pdb	7.650E-01	0.196	39	359	484	504	15	151	395	147	0.250	0.347
LOKIASV2_2311_ESMFold_hypothetical_protein	B2ZXV8_unrelaxed_rank_001_alphafold2_ptm_model_2_seed_000.pdb	B2ZXV8_unrelaxed_rank_001_alphafold2_ptm_model_2_seed_000.pdb	2.414E+00	0.179	38	326	376	504	15	63	64	51	0.101	0.766
LOKIASV2_2311_ESMFold_hypothetical_protein	D5L2L2_unrelaxed_rank_001_alphafold2_ptm_model_3_seed_000.pdb	D5L2L2_unrelaxed_rank_001_alphafold2_ptm_model_3_seed_000.pdb	7.260E-01	0.179	38	208	365	504	5	164	165	191	0.313	0.970
LOKIASV2_2311_ESMFold_hypothetical_protein	A0A8S5VLZ8_unrelaxed_rank_001_alphafold2_ptm_model_1_seed_000.pdb	A0A8S5VLZ8_unrelaxed_rank_001_alphafold2_ptm_model_1_seed_000.pdb	5.866E+00	0.179	38	95	189	504	62	167	168	107	0.188	0.631
LOKIASV2_2311_ESMFold_hypothetical_protein	A0A516M1C5_unrelaxed_rank_001_alphafold2_ptm_model_2_seed_000.pdb	A0A516M1C5_unrelaxed_rank_001_alphafold2_ptm_model_2_seed_000.pdb	1.682E-01	0.164	37	204	357	504	5	155	158	194	0.306	0.956
LOKIASV2_2311_ESMFold_hypothetical_protein	A0A8S5V3Y4_unrelaxed_rank_001_alphafold2_ptm_model_3_seed_000.pdb	A0A8S5V3Y4_unrelaxed_rank_001_alphafold2_ptm_model_3_seed_000.pdb	3.302E+00	0.164	37	383	499	504	11	112	234	117	0.232	0.436
LOKIASV2_2311_ESMFold_hypothetical_protein	A0A3G5AA76_unrelaxed_rank_001_alphafold2_ptm_model_3_seed_000.pdb	A0A3G5AA76_unrelaxed_rank_001_alphafold2_ptm_model_3_seed_000.pdb	9.427E-01	0.164	37	359	503	504	239	404	459	170	0.288	0.362
LOKIASV2_2311_ESMFold_hypothetical_protein	A0A7S5QUK4_unrelaxed_rank_001_alphafold2_ptm_model_2_seed_000.pdb	A0A7S5QUK4_unrelaxed_rank_001_alphafold2_ptm_model_2_seed_000.pdb	5.866E+00	0.150	36	131	250	504	2	84	117	121	0.238	0.709
LOKIASV2_2311_ESMFold_hypothetical_protein	A0A481Z6U9_unrelaxed_rank_001_alphafold2_ptm_model_3_seed_000.pdb	A0A481Z6U9_unrelaxed_rank_001_alphafold2_ptm_model_3_seed_000.pdb	1.764E+00	0.150	36	24	219	504	322	522	550	226	0.389	0.365
LOKIASV2_2311_ESMFold_hypothetical_protein	B2ZY85_unrelaxed_rank_001_alphafold2_ptm_model_1_seed_000.pdb	B2ZY85_unrelaxed_rank_001_alphafold2_ptm_model_1_seed_000.pdb	3.666E+00	0.138	35	384	464	504	71	151	151	88	0.161	0.536
LOKIASV2_2311_ESMFold_hypothetical_protein	A0A6H0XB66_unrelaxed_rank_001_alphafold2_ptm_model_3_seed_000.pdb	A0A6H0XB66_unrelaxed_rank_001_alphafold2_ptm_model_3_seed_000.pdb	1.682E-01	0.138	35	209	357	504	2	132	176	170	0.296	0.744
LOKIASV2_2311_ESMFold_hypothetical_protein	A0A5J6VMB5_unrelaxed_rank_001_alphafold2_ptm_model_4_seed_000.pdb	A0A5J6VMB5_unrelaxed_rank_001_alphafold2_ptm_model_4_seed_000.pdb	6.862E+00	0.138	35	131	220	504	99	185	244	94	0.179	0.357
LOKIASV2_2311_ESMFold_hypothetical_protein	A0A8K1XW05_3_unrelaxed_rank_001_alphafold2_ptm_model_3_seed_000.pdb	A0A8K1XW05_3_unrelaxed_rank_001_alphafold2_ptm_model_3_seed_000.pdb	4.070E+00	0.138	35	379	481	504	287	416	1490	136	0.204	0.087
LOKIASV2_2311_ESMFold_hypothetical_protein	A0A6J5L9A7_unrelaxed_rank_001_alphafold2_ptm_model_3_seed_000.pdb	A0A6J5L9A7_unrelaxed_rank_001_alphafold2_ptm_model_3_seed_000.pdb	7.230E+00	0.126	34	81	183	504	45	156	186	121	0.204	0.602
LOKIASV2_2311_ESMFold_hypothetical_protein	A0A482MN28_unrelaxed_rank_001_alphafold2_ptm_model_3_seed_000.pdb	A0A482MN28_unrelaxed_rank_001_alphafold2_ptm_model_3_seed_000.pdb	5.284E+00	0.126	34	86	220	504	121	237	948	136	0.268	0.123
LOKIASV2_2311_ESMFold_hypothetical_protein	A0A7M1RT50_1_unrelaxed_rank_001_alphafold2_ptm_model_5_seed_000.pdb	A0A7M1RT50_1_unrelaxed_rank_001_alphafold2_ptm_model_5_seed_000.pdb	7.617E+00	0.126	34	85	199	504	98	212	1360	126	0.228	0.085
LOKIASV2_2311_ESMFold_hypothetical_protein	A0A2R8FEU1_unrelaxed_rank_001_alphafold2_ptm_model_3_seed_000.pdb	A0A2R8FEU1_unrelaxed_rank_001_alphafold2_ptm_model_3_seed_000.pdb	8.947E-01	0.116	33	24	223	504	62	272	276	229	0.397	0.764
LOKIASV2_2311_ESMFold_hypothetical_protein	A0A1L3KNZ3_unrelaxed_rank_001_alphafold2_ptm_model_2_seed_000.pdb	A0A1L3KNZ3_unrelaxed_rank_001_alphafold2_ptm_model_2_seed_000.pdb	9.933E-01	0.116	33	269	374	504	135	219	722	108	0.210	0.118
LOKIASV2_2311_ESMFold_hypothetical_protein	A0A6B9SU15_unrelaxed_rank_001_alphafold2_ptm_model_3_seed_000.pdb	A0A6B9SU15_unrelaxed_rank_001_alphafold2_ptm_model_3_seed_000.pdb	7.617E+00	0.106	32	85	189	504	15	107	108	105	0.208	0.861
LOKIASV2_2311_ESMFold_hypothetical_protein	A0A482MLN6_unrelaxed_rank_001_alphafold2_ptm_model_3_seed_000.pdb	A0A482MLN6_unrelaxed_rank_001_alphafold2_ptm_model_3_seed_000.pdb	4.070E+00	0.106	32	360	442	504	6	85	129	88	0.165	0.620
LOKIASV2_2311_ESMFold_hypothetical_protein	A0A514TWG8_unrelaxed_rank_001_alphafold2_ptm_model_3_seed_000.pdb	A0A514TWG8_unrelaxed_rank_001_alphafold2_ptm_model_3_seed_000.pdb	2.073E-01	0.106	32	243	381	504	31	202	243	179	0.276	0.708
LOKIASV2_2311_ESMFold_hypothetical_protein	A0A481Z3Y7_unrelaxed_rank_001_alphafold2_ptm_model_4_seed_000.pdb	A0A481Z3Y7_unrelaxed_rank_001_alphafold2_ptm_model_4_seed_000.pdb	3.666E+00	0.106	32	40	220	504	103	286	299	205	0.359	0.615
LOKIASV2_2311_ESMFold_hypothetical_protein	G3GNF6_unrelaxed_rank_001_alphafold2_ptm_model_3_seed_000.pdb	G3GNF6_unrelaxed_rank_001_alphafold2_ptm_model_3_seed_000.pdb	2.680E+00	0.106	32	375	436	504	222	282	840	66	0.123	0.073
LOKIASV2_2311_ESMFold_hypothetical_protein	A0A1C9C4Z6_unrelaxed_rank_001_alphafold2_ptm_model_2_seed_000.pdb	A0A1C9C4Z6_unrelaxed_rank_001_alphafold2_ptm_model_2_seed_000.pdb	1.859E+00	0.098	31	283	376	504	42	133	134	101	0.187	0.687
LOKIASV2_2311_ESMFold_hypothetical_protein	A0A7S5E9U9_unrelaxed_rank_001_alphafold2_ptm_model_3_seed_000.pdb	A0A7S5E9U9_unrelaxed_rank_001_alphafold2_ptm_model_3_seed_000.pdb	1.224E+00	0.098	31	243	357	504	6	137	142	153	0.228	0.930
LOKIASV2_2311_ESMFold_hypothetical_protein	A0A1Q3DL11_unrelaxed_rank_001_alphafold2_ptm_model_1_seed_000.pdb	A0A1Q3DL11_unrelaxed_rank_001_alphafold2_ptm_model_1_seed_000.pdb	6.862E+00	0.098	31	52	192	504	183	307	308	146	0.280	0.406
LOKIASV2_2311_ESMFold_hypothetical_protein	A0A3G3M9F1_unrelaxed_rank_001_alphafold2_ptm_model_2_seed_000.pdb	A0A3G3M9F1_unrelaxed_rank_001_alphafold2_ptm_model_2_seed_000.pdb	4.087E-01	0.090	30	259	380	504	4	102	106	132	0.242	0.934
LOKIASV2_2311_ESMFold_hypothetical_protein	A0A248SJT5_unrelaxed_rank_001_alphafold2_ptm_model_3_seed_000.pdb	A0A248SJT5_unrelaxed_rank_001_alphafold2_ptm_model_3_seed_000.pdb	2.064E+00	0.090	30	242	377	504	61	201	215	158	0.270	0.656
LOKIASV2_2311_ESMFold_hypothetical_protein	A0A088C3T7_unrelaxed_rank_001_alphafold2_ptm_model_5_seed_000.pdb	A0A088C3T7_unrelaxed_rank_001_alphafold2_ptm_model_5_seed_000.pdb	4.537E-01	0.090	30	208	373	504	23	208	246	220	0.329	0.756
LOKIASV2_2311_ESMFold_hypothetical_protein	A0A8K1U2M9_unrelaxed_rank_001_alphafold2_ptm_model_3_seed_000.pdb	A0A8K1U2M9_unrelaxed_rank_001_alphafold2_ptm_model_3_seed_000.pdb	8.910E+00	0.090	30	105	219	504	530	639	822	118	0.228	0.134
LOKIASV2_2311_ESMFold_hypothetical_protein	A0A8S5MY42_unrelaxed_rank_001_alphafold2_ptm_model_3_seed_000.pdb	A0A8S5MY42_unrelaxed_rank_001_alphafold2_ptm_model_3_seed_000.pdb	8.026E+00	0.082	29	85	182	504	8	102	104	100	0.194	0.913
LOKIASV2_2311_ESMFold_hypothetical_protein	A0A2I7SAD2_unrelaxed_rank_001_alphafold2_ptm_model_3_seed_000.pdb	A0A2I7SAD2_unrelaxed_rank_001_alphafold2_ptm_model_3_seed_000.pdb	8.026E+00	0.082	29	85	195	504	6	123	127	120	0.220	0.929
LOKIASV2_2311_ESMFold_hypothetical_protein	A0A889IR73_unrelaxed_rank_001_alphafold2_ptm_model_1_seed_000.pdb	A0A889IR73_unrelaxed_rank_001_alphafold2_ptm_model_1_seed_000.pdb	1.675E+00	0.082	29	57	136	504	49	128	129	80	0.159	0.620
LOKIASV2_2311_ESMFold_hypothetical_protein	A0A6J5KRC0_unrelaxed_rank_001_alphafold2_ptm_model_1_seed_000.pdb	A0A6J5KRC0_unrelaxed_rank_001_alphafold2_ptm_model_1_seed_000.pdb	1.224E+00	0.082	29	205	357	504	9	138	139	178	0.304	0.935
LOKIASV2_2311_ESMFold_hypothetical_protein	A0A345BP27_unrelaxed_rank_001_alphafold2_ptm_model_2_seed_000.pdb	A0A345BP27_unrelaxed_rank_001_alphafold2_ptm_model_2_seed_000.pdb	5.016E+00	0.082	29	41	236	504	241	435	911	225	0.389	0.214
LOKIASV2_2311_ESMFold_hypothetical_protein	A0A6J5M368_unrelaxed_rank_001_alphafold2_ptm_model_1_seed_000.pdb	A0A6J5M368_unrelaxed_rank_001_alphafold2_ptm_model_1_seed_000.pdb	1.103E+00	0.076	28	208	357	504	5	138	139	177	0.298	0.964
LOKIASV2_2311_ESMFold_hypothetical_protein	A0A8S5S221_unrelaxed_rank_001_alphafold2_ptm_model_1_seed_000.pdb	A0A8S5S221_unrelaxed_rank_001_alphafold2_ptm_model_1_seed_000.pdb	6.181E+00	0.076	28	62	188	504	13	161	162	153	0.252	0.920
LOKIASV2_2311_ESMFold_hypothetical_protein	A0A481Z368_unrelaxed_rank_001_alphafold2_ptm_model_2_seed_000.pdb	A0A481Z368_unrelaxed_rank_001_alphafold2_ptm_model_2_seed_000.pdb	1.675E+00	0.069	27	250	357	504	18	123	125	120	0.214	0.848
LOKIASV2_2311_ESMFold_hypothetical_protein	A0A5Q2WA79_unrelaxed_rank_001_alphafold2_ptm_model_3_seed_000.pdb	A0A5Q2WA79_unrelaxed_rank_001_alphafold2_ptm_model_3_seed_000.pdb	6.891E-01	0.069	27	210	357	504	3	146	187	180	0.294	0.770
LOKIASV2_2311_ESMFold_hypothetical_protein	A0A288Q7K0_unrelaxed_rank_001_alphafold2_ptm_model_5_seed_000.pdb	A0A288Q7K0_unrelaxed_rank_001_alphafold2_ptm_model_5_seed_000.pdb	9.891E+00	0.069	27	110	251	504	6	167	211	175	0.282	0.768
LOKIASV2_2311_ESMFold_hypothetical_protein	A0A1L5LC25_unrelaxed_rank_001_alphafold2_ptm_model_4_seed_000.pdb	A0A1L5LC25_unrelaxed_rank_001_alphafold2_ptm_model_4_seed_000.pdb	1.589E+00	0.069	27	259	371	504	2	108	215	129	0.224	0.498
LOKIASV2_2311_ESMFold_hypothetical_protein	A0A3G4ZP98_unrelaxed_rank_001_alphafold2_ptm_model_2_seed_000.pdb	A0A3G4ZP98_unrelaxed_rank_001_alphafold2_ptm_model_2_seed_000.pdb	1.509E+00	0.069	27	269	380	504	221	366	372	159	0.222	0.392
LOKIASV2_2311_ESMFold_hypothetical_protein	A0A1P8DJ79_unrelaxed_rank_001_alphafold2_ptm_model_4_seed_000.pdb	A0A1P8DJ79_unrelaxed_rank_001_alphafold2_ptm_model_4_seed_000.pdb	4.518E+00	0.069	27	366	478	504	6	106	401	122	0.224	0.252
LOKIASV2_2311_ESMFold_hypothetical_protein	A0A7M1RZI0_unrelaxed_rank_001_alphafold2_ptm_model_3_seed_000.pdb	A0A7M1RZI0_unrelaxed_rank_001_alphafold2_ptm_model_3_seed_000.pdb	3.480E+00	0.069	27	365	499	504	32	161	495	155	0.268	0.263
LOKIASV2_2311_ESMFold_hypothetical_protein	A0A1V0SB36_unrelaxed_rank_001_alphafold2_ptm_model_1_seed_000.pdb	A0A1V0SB36_unrelaxed_rank_001_alphafold2_ptm_model_1_seed_000.pdb	1.047E+00	0.069	27	117	484	504	11	376	510	429	0.730	0.718
LOKIASV2_2311_ESMFold_hypothetical_protein	F8TUM0_unrelaxed_rank_001_alphafold2_ptm_model_2_seed_000.pdb	F8TUM0_unrelaxed_rank_001_alphafold2_ptm_model_2_seed_000.pdb	2.823E+00	0.063	26	271	374	504	5	99	102	112	0.206	0.931
LOKIASV2_2311_ESMFold_hypothetical_protein	UPI001EA75F3C_unrelaxed_rank_001_alphafold2_ptm_model_3_seed_000.pdb	UPI001EA75F3C_unrelaxed_rank_001_alphafold2_ptm_model_3_seed_000.pdb	2.301E-01	0.063	26	207	455	504	3	246	265	300	0.494	0.921
LOKIASV2_2311_ESMFold_hypothetical_protein	A0A1L3KN02_unrelaxed_rank_001_alphafold2_ptm_model_2_seed_000.pdb	A0A1L3KN02_unrelaxed_rank_001_alphafold2_ptm_model_2_seed_000.pdb	1.589E+00	0.063	26	264	364	504	50	151	503	115	0.200	0.203
LOKIASV2_2311_ESMFold_hypothetical_protein	A0A6J5R2P4_unrelaxed_rank_001_alphafold2_ptm_model_2_seed_000.pdb	A0A6J5R2P4_unrelaxed_rank_001_alphafold2_ptm_model_2_seed_000.pdb	5.016E+00	0.057	25	282	375	504	1	77	95	98	0.187	0.811
LOKIASV2_2311_ESMFold_hypothetical_protein	A0A3G5AH19_unrelaxed_rank_001_alphafold2_ptm_model_5_seed_000.pdb	A0A3G5AH19_unrelaxed_rank_001_alphafold2_ptm_model_5_seed_000.pdb	8.060E-01	0.057	25	199	375	504	7	137	213	183	0.351	0.615
LOKIASV2_2311_ESMFold_hypothetical_protein	A0A0Y0J9S3_unrelaxed_rank_001_alphafold2_ptm_model_4_seed_000.pdb	A0A0Y0J9S3_unrelaxed_rank_001_alphafold2_ptm_model_4_seed_000.pdb	6.512E+00	0.057	25	363	484	504	84	217	325	141	0.242	0.412
LOKIASV2_2311_ESMFold_hypothetical_protein	A0A060D0S0_unrelaxed_rank_001_alphafold2_ptm_model_2_seed_000.pdb	A0A060D0S0_unrelaxed_rank_001_alphafold2_ptm_model_2_seed_000.pdb	9.387E+00	0.051	24	104	192	504	3	81	84	91	0.177	0.940
LOKIASV2_2311_ESMFold_hypothetical_protein	A0A8E5NQC4_unrelaxed_rank_001_alphafold2_ptm_model_5_seed_000.pdb	A0A8E5NQC4_unrelaxed_rank_001_alphafold2_ptm_model_5_seed_000.pdb	8.060E-01	0.051	24	115	309	504	2	182	208	219	0.387	0.870
LOKIASV2_2311_ESMFold_hypothetical_protein	A0A7S9SUH2_unrelaxed_rank_001_alphafold2_ptm_model_3_seed_000.pdb	A0A7S9SUH2_unrelaxed_rank_001_alphafold2_ptm_model_3_seed_000.pdb	6.862E+00	0.051	24	52	224	504	87	249	350	188	0.343	0.466
LOKIASV2_2311_ESMFold_hypothetical_protein	A0A345MVV7_unrelaxed_rank_001_alphafold2_ptm_model_2_seed_000.pdb	A0A345MVV7_unrelaxed_rank_001_alphafold2_ptm_model_2_seed_000.pdb	9.891E+00	0.051	24	81	222	504	156	316	428	171	0.282	0.376
LOKIASV2_2311_ESMFold_hypothetical_protein	A0A1L3KE99_unrelaxed_rank_001_alphafold2_ptm_model_3_seed_000.pdb	A0A1L3KE99_unrelaxed_rank_001_alphafold2_ptm_model_3_seed_000.pdb	8.456E+00	0.051	24	76	223	504	300	428	432	155	0.294	0.299
LOKIASV2_2311_ESMFold_hypothetical_protein	A0A023W5C4_unrelaxed_rank_001_alphafold2_ptm_model_3_seed_000.pdb	A0A023W5C4_unrelaxed_rank_001_alphafold2_ptm_model_3_seed_000.pdb	2.975E+00	0.045	23	271	353	504	2	90	93	99	0.165	0.957
LOKIASV2_2311_ESMFold_hypothetical_protein	A0A8S5SQU3_unrelaxed_rank_001_alphafold2_ptm_model_2_seed_000.pdb	A0A8S5SQU3_unrelaxed_rank_001_alphafold2_ptm_model_2_seed_000.pdb	4.070E+00	0.045	23	267	401	504	3	85	114	135	0.268	0.728
LOKIASV2_2311_ESMFold_hypothetical_protein	A0A481YYC5_unrelaxed_rank_001_alphafold2_ptm_model_5_seed_000.pdb	A0A481YYC5_unrelaxed_rank_001_alphafold2_ptm_model_5_seed_000.pdb	8.026E+00	0.045	23	50	197	504	116	281	285	172	0.294	0.582
LOKIASV2_2311_ESMFold_hypothetical_protein	A0A0B4VFU5_unrelaxed_rank_001_alphafold2_ptm_model_5_seed_000.pdb	A0A0B4VFU5_unrelaxed_rank_001_alphafold2_ptm_model_5_seed_000.pdb	9.387E+00	0.045	23	97	324	504	6	204	316	249	0.452	0.630
LOKIASV2_2311_ESMFold_hypothetical_protein	A0A514D8E2_unrelaxed_rank_001_alphafold2_ptm_model_2_seed_000.pdb	A0A514D8E2_unrelaxed_rank_001_alphafold2_ptm_model_2_seed_000.pdb	9.387E+00	0.045	23	1	223	504	184	391	942	241	0.442	0.221
LOKIASV2_2311_ESMFold_hypothetical_protein	A0A6J5L8B8_unrelaxed_rank_001_alphafold2_ptm_model_3_seed_000.pdb	A0A6J5L8B8_unrelaxed_rank_001_alphafold2_ptm_model_3_seed_000.pdb	3.302E+00	0.045	23	265	365	504	836	941	946	123	0.200	0.112
LOKIASV2_2311_ESMFold_hypothetical_protein	A0A6G5XN51_unrelaxed_rank_001_alphafold2_ptm_model_1_seed_000.pdb	A0A6G5XN51_unrelaxed_rank_001_alphafold2_ptm_model_1_seed_000.pdb	6.862E+00	0.045	23	4	219	504	39	233	1227	238	0.429	0.159
LOKIASV2_2311_ESMFold_hypothetical_protein	A0A7S5T632_unrelaxed_rank_001_alphafold2_ptm_model_5_seed_000.pdb	A0A7S5T632_unrelaxed_rank_001_alphafold2_ptm_model_5_seed_000.pdb	2.823E+00	0.040	22	18	219	504	6	249	292	254	0.401	0.836
LOKIASV2_2311_ESMFold_hypothetical_protein	A0A8S5KXJ3_unrelaxed_rank_001_alphafold2_ptm_model_5_seed_000.pdb	A0A8S5KXJ3_unrelaxed_rank_001_alphafold2_ptm_model_5_seed_000.pdb	9.933E-01	0.040	22	81	373	504	286	566	567	357	0.581	0.496
LOKIASV2_2311_ESMFold_hypothetical_protein	A0A0B5A0F2_unrelaxed_rank_001_alphafold2_ptm_model_1_seed_000.pdb	A0A0B5A0F2_unrelaxed_rank_001_alphafold2_ptm_model_1_seed_000.pdb	7.617E+00	0.040	22	85	264	504	481	640	783	201	0.357	0.204
LOKIASV2_2311_ESMFold_hypothetical_protein	E9M5Q9_unrelaxed_rank_001_alphafold2_ptm_model_2_seed_000.pdb	E9M5Q9_unrelaxed_rank_001_alphafold2_ptm_model_2_seed_000.pdb	1.162E+00	0.040	22	241	481	504	854	1124	1305	346	0.478	0.208
LOKIASV2_2311_ESMFold_hypothetical_protein	A0A7D7EZ39_unrelaxed_rank_001_alphafold2_ptm_model_3_seed_000.pdb	A0A7D7EZ39_unrelaxed_rank_001_alphafold2_ptm_model_3_seed_000.pdb	3.480E+00	0.034	21	292	502	504	6	147	160	216	0.419	0.887
LOKIASV2_2311_ESMFold_hypothetical_protein	A0A6J7XQK5_unrelaxed_rank_001_alphafold2_ptm_model_5_seed_000.pdb	A0A6J7XQK5_unrelaxed_rank_001_alphafold2_ptm_model_5_seed_000.pdb	5.866E+00	0.034	21	269	357	504	3	88	369	101	0.177	0.233
LOKIASV2_2311_ESMFold_hypothetical_protein	A0A248SKW9_unrelaxed_rank_001_alphafold2_ptm_model_4_seed_000.pdb	A0A248SKW9_unrelaxed_rank_001_alphafold2_ptm_model_4_seed_000.pdb	2.543E+00	0.034	21	3	262	504	95	345	383	290	0.516	0.655
LOKIASV2_2311_ESMFold_hypothetical_protein	A0A6F8PIS3_2_unrelaxed_rank_001_alphafold2_ptm_model_2_seed_000.pdb	A0A6F8PIS3_2_unrelaxed_rank_001_alphafold2_ptm_model_2_seed_000.pdb	5.591E-01	0.034	21	211	492	504	425	683	1296	344	0.560	0.200
LOKIASV2_2311_ESMFold_hypothetical_protein	E1AC19_unrelaxed_rank_001_alphafold2_ptm_model_2_seed_000.pdb	E1AC19_unrelaxed_rank_001_alphafold2_ptm_model_2_seed_000.pdb	2.291E+00	0.029	20	267	357	504	42	136	139	111	0.181	0.683
LOKIASV2_2311_ESMFold_hypothetical_protein	A0A2I7S9Z8_unrelaxed_rank_001_alphafold2_ptm_model_1_seed_000.pdb	A0A2I7S9Z8_unrelaxed_rank_001_alphafold2_ptm_model_1_seed_000.pdb	6.181E+00	0.029	20	246	503	504	5	172	179	263	0.512	0.939
LOKIASV2_2311_ESMFold_hypothetical_protein	A0A5B9R024_unrelaxed_rank_001_alphafold2_ptm_model_1_seed_000.pdb	A0A5B9R024_unrelaxed_rank_001_alphafold2_ptm_model_1_seed_000.pdb	5.866E+00	0.029	20	269	401	504	67	152	204	133	0.264	0.422
LOKIASV2_2311_ESMFold_hypothetical_protein	A0A0D3R0Y7_unrelaxed_rank_001_alphafold2_ptm_model_3_seed_000.pdb	A0A0D3R0Y7_unrelaxed_rank_001_alphafold2_ptm_model_3_seed_000.pdb	2.975E+00	0.029	20	271	380	504	81	152	257	117	0.218	0.280
LOKIASV2_2311_ESMFold_hypothetical_protein	A0A127AWH5_unrelaxed_rank_001_alphafold2_ptm_model_2_seed_000.pdb	A0A127AWH5_unrelaxed_rank_001_alphafold2_ptm_model_2_seed_000.pdb	5.568E+00	0.029	20	290	364	504	231	302	475	86	0.149	0.152
LOKIASV2_2311_ESMFold_hypothetical_protein	A0A1S6LVF6_unrelaxed_rank_001_alphafold2_ptm_model_5_seed_000.pdb	A0A1S6LVF6_unrelaxed_rank_001_alphafold2_ptm_model_5_seed_000.pdb	9.891E+00	0.029	20	362	500	504	253	416	476	174	0.276	0.345
LOKIASV2_2311_ESMFold_hypothetical_protein	A0A6J5S6P6_unrelaxed_rank_001_alphafold2_ptm_model_2_seed_000.pdb	A0A6J5S6P6_unrelaxed_rank_001_alphafold2_ptm_model_2_seed_000.pdb	4.288E+00	0.024	19	271	355	504	10	102	108	99	0.169	0.861
LOKIASV2_2311_ESMFold_hypothetical_protein	A0A873WSC7_unrelaxed_rank_001_alphafold2_ptm_model_1_seed_000.pdb	A0A873WSC7_unrelaxed_rank_001_alphafold2_ptm_model_1_seed_000.pdb	9.387E+00	0.024	19	294	375	504	39	112	117	85	0.163	0.632
LOKIASV2_2311_ESMFold_hypothetical_protein	A0A1S6L3G9_unrelaxed_rank_001_alphafold2_ptm_model_3_seed_000.pdb	A0A1S6L3G9_unrelaxed_rank_001_alphafold2_ptm_model_3_seed_000.pdb	9.387E+00	0.024	19	370	504	504	21	138	243	138	0.268	0.486
LOKIASV2_2311_ESMFold_hypothetical_protein	A0A3G4ZXZ8_unrelaxed_rank_001_alphafold2_ptm_model_3_seed_000.pdb	A0A3G4ZXZ8_unrelaxed_rank_001_alphafold2_ptm_model_3_seed_000.pdb	7.230E+00	0.024	19	57	223	504	151	321	358	190	0.331	0.478
LOKIASV2_2311_ESMFold_hypothetical_protein	A0A7T3TL92_unrelaxed_rank_001_alphafold2_ptm_model_1_seed_000.pdb	A0A7T3TL92_unrelaxed_rank_001_alphafold2_ptm_model_1_seed_000.pdb	9.387E+00	0.024	19	84	259	504	369	552	694	209	0.349	0.265
LOKIASV2_2311_ESMFold_hypothetical_protein	C8ZKR7_unrelaxed_rank_001_alphafold2_ptm_model_1_seed_000.pdb	C8ZKR7_unrelaxed_rank_001_alphafold2_ptm_model_1_seed_000.pdb	3.302E+00	0.024	19	85	502	504	125	641	730	602	0.829	0.708
LOKIASV2_2311_ESMFold_hypothetical_protein	Q6R7L6_unrelaxed_rank_001_alphafold2_ptm_model_2_seed_000.pdb	Q6R7L6_unrelaxed_rank_001_alphafold2_ptm_model_2_seed_000.pdb	6.512E+00	0.024	19	366	500	504	863	1032	1181	173	0.268	0.144
LOKIASV2_2311_ESMFold_hypothetical_protein	A0A5J6VLZ3_unrelaxed_rank_001_alphafold2_ptm_model_2_seed_000.pdb	A0A5J6VLZ3_unrelaxed_rank_001_alphafold2_ptm_model_2_seed_000.pdb	3.480E+00	0.024	19	86	381	504	457	712	1220	324	0.587	0.210
LOKIASV2_2311_ESMFold_hypothetical_protein	A0A7S9SPD8_unrelaxed_rank_001_alphafold2_ptm_model_3_seed_000.pdb	A0A7S9SPD8_unrelaxed_rank_001_alphafold2_ptm_model_3_seed_000.pdb	8.456E+00	0.020	18	361	484	504	49	160	164	140	0.246	0.683
LOKIASV2_2311_ESMFold_hypothetical_protein	W8NNZ3_unrelaxed_rank_001_alphafold2_ptm_model_3_seed_000.pdb	W8NNZ3_unrelaxed_rank_001_alphafold2_ptm_model_3_seed_000.pdb	6.181E+00	0.020	18	25	223	504	54	243	260	220	0.395	0.731
LOKIASV2_2311_ESMFold_hypothetical_protein	A0A514D8A9_unrelaxed_rank_001_alphafold2_ptm_model_5_seed_000.pdb	A0A514D8A9_unrelaxed_rank_001_alphafold2_ptm_model_5_seed_000.pdb	1.103E+00	0.020	18	138	375	504	2	256	263	313	0.472	0.970
LOKIASV2_2311_ESMFold_hypothetical_protein	A0A0G2Y8X5_unrelaxed_rank_001_alphafold2_ptm_model_5_seed_000.pdb	A0A0G2Y8X5_unrelaxed_rank_001_alphafold2_ptm_model_5_seed_000.pdb	8.910E+00	0.020	18	50	223	504	263	476	506	215	0.345	0.423
LOKIASV2_2311_ESMFold_hypothetical_protein	A0A171PVN2_unrelaxed_rank_001_alphafold2_ptm_model_2_seed_000.pdb	A0A171PVN2_unrelaxed_rank_001_alphafold2_ptm_model_2_seed_000.pdb	6.862E+00	0.016	17	284	363	504	94	177	202	99	0.159	0.416
LOKIASV2_2311_ESMFold_hypothetical_protein	A0A6J5NYB0_unrelaxed_rank_001_alphafold2_ptm_model_4_seed_000.pdb	A0A6J5NYB0_unrelaxed_rank_001_alphafold2_ptm_model_4_seed_000.pdb	5.016E+00	0.016	17	58	256	504	53	239	244	228	0.395	0.766
LOKIASV2_2311_ESMFold_hypothetical_protein	A0A8F8X6P3_unrelaxed_rank_001_alphafold2_ptm_model_4_seed_000.pdb	A0A8F8X6P3_unrelaxed_rank_001_alphafold2_ptm_model_4_seed_000.pdb	3.666E+00	0.016	17	56	375	504	152	391	395	335	0.635	0.608
LOKIASV2_2311_ESMFold_hypothetical_protein	G0T5B4_unrelaxed_rank_001_alphafold2_ptm_model_2_seed_000.pdb	G0T5B4_unrelaxed_rank_001_alphafold2_ptm_model_2_seed_000.pdb	8.947E-01	0.016	17	77	400	504	256	566	603	377	0.643	0.516
LOKIASV2_2311_ESMFold_hypothetical_protein	A0A8S5THG8_unrelaxed_rank_001_alphafold2_ptm_model_1_seed_000.pdb	A0A8S5THG8_unrelaxed_rank_001_alphafold2_ptm_model_1_seed_000.pdb	2.975E+00	0.016	17	104	441	504	389	616	729	363	0.671	0.313
LOKIASV2_2311_ESMFold_hypothetical_protein	A0A516KXW6_unrelaxed_rank_001_alphafold2_ptm_model_1_seed_000.pdb	A0A516KXW6_unrelaxed_rank_001_alphafold2_ptm_model_1_seed_000.pdb	1.432E+00	0.016	17	93	503	504	364	706	966	468	0.815	0.355
LOKIASV2_2311_ESMFold_hypothetical_protein	A0A5K0UAM7_unrelaxed_rank_001_alphafold2_ptm_model_1_seed_000.pdb	A0A5K0UAM7_unrelaxed_rank_001_alphafold2_ptm_model_1_seed_000.pdb	8.026E+00	0.016	17	85	425	504	847	1103	1404	361	0.677	0.183
LOKIASV2_2311_ESMFold_hypothetical_protein	Q9J572_unrelaxed_rank_001_alphafold2_ptm_model_3_seed_000.pdb	Q9J572_unrelaxed_rank_001_alphafold2_ptm_model_3_seed_000.pdb	9.891E+00	0.014	16	27	223	504	50	226	241	209	0.391	0.734
LOKIASV2_2311_ESMFold_hypothetical_protein	W6E868_unrelaxed_rank_001_alphafold2_ptm_model_4_seed_000.pdb	W6E868_unrelaxed_rank_001_alphafold2_ptm_model_4_seed_000.pdb	4.518E+00	0.014	16	85	293	504	199	402	423	247	0.415	0.482
LOKIASV2_2311_ESMFold_hypothetical_protein	A0A2I2L483_unrelaxed_rank_001_alphafold2_ptm_model_3_seed_000.pdb	A0A2I2L483_unrelaxed_rank_001_alphafold2_ptm_model_3_seed_000.pdb	1.589E+00	0.014	16	146	377	504	2	226	438	295	0.460	0.514
LOKIASV2_2311_ESMFold_hypothetical_protein	A0A8S5TUD0_unrelaxed_rank_001_alphafold2_ptm_model_1_seed_000.pdb	A0A8S5TUD0_unrelaxed_rank_001_alphafold2_ptm_model_1_seed_000.pdb	3.302E+00	0.014	16	69	359	504	328	642	644	359	0.577	0.489
LOKIASV2_2311_ESMFold_hypothetical_protein	A0A0F7IJZ5_unrelaxed_rank_001_alphafold2_ptm_model_1_seed_000.pdb	A0A0F7IJZ5_unrelaxed_rank_001_alphafold2_ptm_model_1_seed_000.pdb	4.070E+00	0.014	16	4	500	504	540	1070	1273	667	0.986	0.417
LOKIASV2_2311_ESMFold_hypothetical_protein	A0A514A0D5_unrelaxed_rank_001_alphafold2_ptm_model_3_seed_000.pdb	A0A514A0D5_unrelaxed_rank_001_alphafold2_ptm_model_3_seed_000.pdb	7.617E+00	0.011	15	292	357	504	42	107	111	73	0.131	0.595
LOKIASV2_2311_ESMFold_hypothetical_protein	A0A7R5WS06_unrelaxed_rank_001_alphafold2_ptm_model_2_seed_000.pdb	A0A7R5WS06_unrelaxed_rank_001_alphafold2_ptm_model_2_seed_000.pdb	8.456E+00	0.011	15	32	220	504	35	226	254	218	0.375	0.756
LOKIASV2_2311_ESMFold_hypothetical_protein	J7Q7J3_unrelaxed_rank_001_alphafold2_ptm_model_1_seed_000.pdb	J7Q7J3_unrelaxed_rank_001_alphafold2_ptm_model_1_seed_000.pdb	9.387E+00	0.011	15	30	405	504	26	342	347	433	0.746	0.914
LOKIASV2_2311_ESMFold_hypothetical_protein	A0A6B9SR36_unrelaxed_rank_001_alphafold2_ptm_model_1_seed_000.pdb	A0A6B9SR36_unrelaxed_rank_001_alphafold2_ptm_model_1_seed_000.pdb	2.064E+00	0.011	15	265	469	504	179	393	542	273	0.407	0.397
LOKIASV2_2311_ESMFold_hypothetical_protein	A0A516LFE8_unrelaxed_rank_001_alphafold2_ptm_model_3_seed_000.pdb	A0A516LFE8_unrelaxed_rank_001_alphafold2_ptm_model_3_seed_000.pdb	7.617E+00	0.011	15	91	400	504	16	242	655	338	0.615	0.347
LOKIASV2_2311_ESMFold_hypothetical_protein	A0A0H3UZF2_unrelaxed_rank_001_alphafold2_ptm_model_3_seed_000.pdb	A0A0H3UZF2_unrelaxed_rank_001_alphafold2_ptm_model_3_seed_000.pdb	8.910E+00	0.011	15	47	336	504	330	582	675	339	0.575	0.375
LOKIASV2_2311_ESMFold_hypothetical_protein	A0A8K1XVX0_1_unrelaxed_rank_001_alphafold2_ptm_model_4_seed_000.pdb	A0A8K1XVX0_1_unrelaxed_rank_001_alphafold2_ptm_model_4_seed_000.pdb	6.862E+00	0.011	15	119	425	504	3	258	1422	350	0.609	0.180
LOKIASV2_2311_ESMFold_hypothetical_protein	A0A916KQE4_unrelaxed_rank_001_alphafold2_ptm_model_3_seed_000.pdb	A0A916KQE4_unrelaxed_rank_001_alphafold2_ptm_model_3_seed_000.pdb	6.862E+00	0.010	14	7	379	504	76	392	393	408	0.740	0.807
LOKIASV2_2311_ESMFold_hypothetical_protein	A0A1V0SIN9_unrelaxed_rank_001_alphafold2_ptm_model_2_seed_000.pdb	A0A1V0SIN9_unrelaxed_rank_001_alphafold2_ptm_model_2_seed_000.pdb	8.910E+00	0.010	14	210	452	504	402	594	732	258	0.482	0.264
LOKIASV2_2311_ESMFold_hypothetical_protein	A0A894KS36_unrelaxed_rank_001_alphafold2_ptm_model_3_seed_000.pdb	A0A894KS36_unrelaxed_rank_001_alphafold2_ptm_model_3_seed_000.pdb	4.070E+00	0.009	13	265	364	504	121	230	230	122	0.198	0.478
LOKIASV2_2311_ESMFold_hypothetical_protein	D6PFQ6_unrelaxed_rank_001_alphafold2_ptm_model_5_seed_000.pdb	D6PFQ6_unrelaxed_rank_001_alphafold2_ptm_model_5_seed_000.pdb	8.026E+00	0.009	13	10	270	504	7	291	351	345	0.518	0.812
LOKIASV2_2311_ESMFold_hypothetical_protein	R9VX33_unrelaxed_rank_001_alphafold2_ptm_model_1_seed_000.pdb	R9VX33_unrelaxed_rank_001_alphafold2_ptm_model_1_seed_000.pdb	9.891E+00	0.009	13	110	501	504	83	636	672	603	0.778	0.824
LOKIASV2_2311_ESMFold_hypothetical_protein	A0A8S5NKE1_unrelaxed_rank_001_alphafold2_ptm_model_3_seed_000.pdb	A0A8S5NKE1_unrelaxed_rank_001_alphafold2_ptm_model_3_seed_000.pdb	6.512E+00	0.009	13	85	305	504	30	240	747	261	0.438	0.282
LOKIASV2_2311_ESMFold_hypothetical_protein	A0A6J5LPN0_unrelaxed_rank_001_alphafold2_ptm_model_1_seed_000.pdb	A0A6J5LPN0_unrelaxed_rank_001_alphafold2_ptm_model_1_seed_000.pdb	8.456E+00	0.009	13	85	501	504	74	382	895	435	0.827	0.345
LOKIASV2_2311_ESMFold_hypothetical_protein	A0A6J5LI28_unrelaxed_rank_001_alphafold2_ptm_model_3_seed_000.pdb	A0A6J5LI28_unrelaxed_rank_001_alphafold2_ptm_model_3_seed_000.pdb	9.387E+00	0.009	13	84	501	504	55	372	930	459	0.829	0.342
LOKIASV2_2311_ESMFold_hypothetical_protein	A0A8S5L147_unrelaxed_rank_001_alphafold2_ptm_model_3_seed_000.pdb	A0A8S5L147_unrelaxed_rank_001_alphafold2_ptm_model_3_seed_000.pdb	9.891E+00	0.007	11	85	375	504	222	536	548	365	0.577	0.575
LOKIASV2_2311_ESMFold_hypothetical_protein	A0A8S5PXB3_1_unrelaxed_rank_001_alphafold2_ptm_model_1_seed_000.pdb	A0A8S5PXB3_1_unrelaxed_rank_001_alphafold2_ptm_model_1_seed_000.pdb	9.891E+00	0.007	11	83	503	504	158	421	754	435	0.835	0.350
LOKIASV2_2311_ESMFold_hypothetical_protein	A0A8S5L0J9_unrelaxed_rank_001_alphafold2_ptm_model_3_seed_000.pdb	A0A8S5L0J9_unrelaxed_rank_001_alphafold2_ptm_model_3_seed_000.pdb	5.568E+00	0.000	10	47	375	504	166	498	502	414	0.653	0.663
LOKIASV2_2311_ESMFold_hypothetical_protein	A0A189RMK5_unrelaxed_rank_001_alphafold2_ptm_model_3_seed_000.pdb	A0A189RMK5_unrelaxed_rank_001_alphafold2_ptm_model_3_seed_000.pdb	8.026E+00	0.000	10	288	374	504	960	1059	1060	122	0.173	0.094
